unitID,uID,"wordIDList",discoID,pID,participantName,unitStart,unitEnd,participantColor
1,1,"{1, 2, 3}",sbc019,38,FRANK,1.18,2.00,2763444
2,2,"{4, 5, 6}",sbc019,38,FRANK,2.00,2.39,2763444
3,3,"{7, 8, 9, 10, 11}",sbc019,66,MELISSA,2.00,3.25,2915709
4,4,"{12, 13}",sbc019,38,FRANK,3.01,3.42,2763444
5,5,"{14, 15, 16, 17, 18, 19, 20, 21, 22, 23}",sbc019,38,FRANK,3.42,6.03,2763444
6,6,"{24, 25, 26, 27}",sbc019,38,FRANK,6.03,7.08,2763444
7,7,"{28, 29, 30, 31, 32, 33, 34}",sbc019,38,FRANK,7.08,8.15,2763444
8,8,"{35, 36, 37, 38, 39}",sbc019,38,FRANK,8.15,8.85,2763444
9,9,"{40, 41, 42, 43, 44}",sbc019,38,FRANK,8.85,9.62,2763444
10,10,"{45, 46, 47}",sbc019,66,MELISSA,10.18,10.97,2915709
11,11,"{48, 49, 50, 51, 52, 53, 54, 55, 56, 57, 58, 59, 60}",sbc019,66,MELISSA,10.97,13.09,2915709
12,12,"{61}",sbc019,38,FRANK,10.97,11.67,2763444
13,13,"{62, 63, 64, 65, 66, 67, 68, 69, 70, 71, 72, 73, 74, 75, 76}",sbc019,66,MELISSA,13.09,16.14,2915709
14,14,"{77, 78, 79, 80, 81, 82}",sbc019,65,JAN,15.81,17.63,4897866
15,15,"{83, 84, 85, 86, 87, 88, 89, 90, 91}",sbc019,65,JAN,17.63,19.77,4897866
16,16,"{92, 93}",sbc019,66,MELISSA,19.75,20.14,2915709
17,17,"{94, 95, 96, 97, 98, 99, 100, 101, 102}",sbc019,66,MELISSA,20.14,22.01,2915709
18,18,"{103, 104, 105, 106, 107, 108, 109, 110, 111, 112, 113, 114}",sbc019,66,MELISSA,22.01,24.73,2915709
19,19,"{115, 116, 117, 118, 119, 120}",sbc019,66,MELISSA,24.73,25.92,2915709
20,20,"{121, 122, 123, 124, 125, 126, 127, 128}",sbc019,66,MELISSA,25.90,27.16,2915709
21,21,"{129, 130, 131, 132, 133, 134, 135, 136, 137, 138, 139, 140, 141, 142, 143, 144, 145, 146, 147, 148, 149, 150}",sbc019,66,MELISSA,27.16,30.81,2915709
22,22,"{151, 152, 153, 154}",sbc019,66,MELISSA,30.81,31.98,2915709
23,23,"{155, 156, 157, 158, 159, 160}",sbc019,65,JAN,32.93,34.05,4897866
24,24,"{161, 162, 163, 164, 165, 166}",sbc019,65,JAN,34.05,36.24,4897866
25,25,"{167}",sbc019,66,MELISSA,36.24,36.84,2915709
26,26,"{168, 169}",sbc019,66,MELISSA,36.84,37.42,2915709
27,27,"{}",sbc019,38,FRANK,37.42,38.89,2763444
28,28,"{170, 171, 172, 173, 174, 175, 176}",sbc019,65,JAN,38.89,41.29,4897866
29,29,"{177, 178, 179, 180, 181, 182, 183, 184}",sbc019,66,MELISSA,41.29,43.71,2915709
30,30,"{185, 186}",sbc019,66,MELISSA,43.71,45.92,2915709
31,31,"{187}",sbc019,66,MELISSA,45.16,48.49,2915709
32,32,"{188, 189, 190, 191, 192, 193, 194, 195, 196, 197}",sbc019,65,JAN,45.92,48.49,4897866
33,33,"{198, 199, 200, 201, 202}",sbc019,66,MELISSA,47.00,47.77,2915709
34,34,"{203, 204, 205, 206, 207}",sbc019,66,MELISSA,47.77,49.63,2915709
35,35,"{208, 209, 210}",sbc019,66,MELISSA,49.63,51.42,2915709
36,36,"{211}",sbc019,66,MELISSA,51.42,52.70,2915709
37,37,"{212, 213}",sbc019,66,MELISSA,52.70,53.22,2915709
38,38,"{214, 215}",sbc019,65,JAN,53.22,54.05,4897866
39,39,"{216, 217, 218, 219, 220, 221, 222, 223, 224}",sbc019,65,JAN,54.05,55.89,4897866
40,40,"{225, 226, 227, 228, 229, 230, 231, 232}",sbc019,65,JAN,55.89,57.99,4897866
41,41,"{233, 234, 235, 236, 237, 238}",sbc019,65,JAN,57.99,59.01,4897866
42,42,"{239, 240, 241, 242, 243, 244}",sbc019,66,MELISSA,58.69,59.60,2915709
43,43,"{245, 246, 247, 248, 249, 250, 251}",sbc019,66,MELISSA,59.60,60.60,2915709
44,44,"{252, 253, 254, 255, 256, 257, 258, 259, 260}",sbc019,66,MELISSA,60.60,62.46,2915709
45,45,"{261, 262, 263}",sbc019,66,MELISSA,62.46,63.32,2915709
46,46,"{264, 265, 266, 267, 268, 269, 270, 271, 272, 273, 274, 275}",sbc019,66,MELISSA,63.32,65.77,2915709
47,47,"{276, 277, 278, 279, 280, 281}",sbc019,66,MELISSA,65.77,66.91,2915709
48,48,"{282, 283, 284}",sbc019,65,JAN,65.77,66.28,4897866
49,49,"{285, 286, 287, 288, 289, 290, 291, 292, 293, 294}",sbc019,66,MELISSA,66.91,68.77,2915709
50,50,"{295, 296, 297, 298}",sbc019,66,MELISSA,68.77,69.68,2915709
51,51,"{299, 300, 301, 302, 303, 304, 305, 306, 307, 308, 309}",sbc019,65,JAN,69.68,71.73,4897866
52,52,"{310, 311, 312}",sbc019,66,MELISSA,71.73,72.75,2915709
53,53,"{313, 314, 315}",sbc019,38,FRANK,73.99,74.78,2763444
54,54,"{316, 317, 318, 319}",sbc019,38,FRANK,74.71,75.83,2763444
55,55,"{320, 321, 322, 323, 324, 325, 326, 327}",sbc019,66,MELISSA,74.80,76.81,2915709
56,56,"{328, 329, 330, 331, 332, 333, 334, 335}",sbc019,38,FRANK,76.76,78.88,2763444
57,57,"{336, 337, 338, 339, 340, 341, 342}",sbc019,65,JAN,77.06,79.51,4897866
58,58,"{343, 344, 345, 346, 347, 348}",sbc019,66,MELISSA,79.51,80.95,2915709
59,59,"{349, 350, 351, 352, 353}",sbc019,38,FRANK,80.95,82.02,2763444
60,60,"{354, 355}",sbc019,65,JAN,81.47,82.02,4897866
61,61,"{356, 357, 358, 359}",sbc019,65,JAN,82.02,82.42,4897866
62,62,"{360, 361, 362}",sbc019,66,MELISSA,82.02,82.68,2915709
63,63,"{363, 364, 365, 366, 367, 368}",sbc019,66,MELISSA,82.68,83.79,2915709
64,64,"{369, 370}",sbc019,65,JAN,83.79,83.96,4897866
65,65,"{371, 372, 373, 374, 375, 376}",sbc019,65,JAN,83.96,85.56,4897866
66,66,"{377, 378, 379}",sbc019,65,JAN,85.56,86.26,4897866
67,67,"{380, 381, 382, 383}",sbc019,38,FRANK,85.56,86.05,2763444
68,68,"{384, 385, 386, 387, 388, 389, 390, 391, 392, 393, 394, 395, 396}",sbc019,38,FRANK,86.05,87.94,2763444
69,69,"{397, 398, 399, 400}",sbc019,65,JAN,86.17,87.26,4897866
70,70,"{401, 402, 403, 404, 405}",sbc019,38,FRANK,87.94,88.92,2763444
71,71,"{406, 407, 408, 409, 410, 411, 412, 413, 414, 415}",sbc019,38,FRANK,88.92,90.78,2763444
72,72,"{416, 417, 418, 419}",sbc019,66,MELISSA,90.78,92.32,2915709
73,73,"{420, 421, 422}",sbc019,65,JAN,92.32,93.02,4897866
74,74,"{423}",sbc019,66,MELISSA,92.32,93.02,2915709
75,75,"{424, 425, 426, 427, 428}",sbc019,66,MELISSA,93.02,94.06,2915709
76,76,"{429, 430}",sbc019,66,MELISSA,94.06,94.95,2915709
77,77,"{431}",sbc019,63,RON,94.06,94.62,7829301
78,78,"{432, 433}",sbc019,63,RON,94.62,95.60,7829301
79,79,"{434, 435, 436}",sbc019,38,FRANK,94.62,95.07,2763444
80,80,"{437, 438}",sbc019,66,MELISSA,95.07,96.70,2915709
81,81,"{439, 440, 441, 442, 443}",sbc019,67,BRETT,96.70,97.72,9051935
82,82,"{444, 445, 446, 447, 448, 449}",sbc019,67,BRETT,97.72,98.65,9051935
83,83,"{450, 451, 452, 453}",sbc019,65,JAN,98.65,99.77,4897866
84,84,"{454, 455}",sbc019,65,JAN,99.77,100.38,4897866
85,85,"{456, 457, 458, 459, 460}",sbc019,65,JAN,103,103.70,4897866
86,86,"{461, 462, 463, 464, 465, 466, 467, 468, 469, 470, 471, 472, 473, 474}",sbc019,66,MELISSA,102.82,105.52,2915709
87,87,"{475, 476, 477, 478, 479, 480, 481}",sbc019,38,FRANK,105.22,106.57,2763444
88,88,"{482, 483, 484}",sbc019,67,BRETT,106.57,107.01,9051935
89,89,"{485, 486}",sbc019,67,BRETT,107.01,107.25,9051935
90,90,"{487, 488, 489}",sbc019,66,MELISSA,107.01,107.94,2915709
91,91,"{490, 491, 492, 493, 494, 495, 496, 497}",sbc019,66,MELISSA,107.94,109.44,2915709
92,92,"{498, 499, 500, 501, 502, 503, 504, 505}",sbc019,67,BRETT,109.78,111.06,9051935
93,93,"{506, 507, 508, 509}",sbc019,67,BRETT,111.06,111.88,9051935
94,94,"{510, 511, 512, 513}",sbc019,66,MELISSA,111.88,112.88,2915709
95,95,"{514, 515, 516, 517}",sbc019,67,BRETT,112.88,113.67,9051935
96,96,"{518, 519, 520}",sbc019,67,BRETT,113.67,114.07,9051935
97,97,"{521, 522, 523, 524, 525, 526, 527}",sbc019,66,MELISSA,113.67,115.54,2915709
98,98,"{528, 529, 530, 531}",sbc019,67,BRETT,116.42,117.03,9051935
99,99,"{532, 533, 534, 535, 536, 537}",sbc019,65,JAN,116.42,118.31,4897866
100,100,"{538, 539, 540}",sbc019,66,MELISSA,118.26,119.17,2915709
101,101,"{541, 542, 543, 544, 545, 546, 547, 548}",sbc019,66,MELISSA,119.17,120.94,2915709
102,102,"{549, 550, 551}",sbc019,65,JAN,119.17,119.80,4897866
103,103,"{552, 553, 554, 555}",sbc019,65,JAN,120.82,121.50,4897866
104,104,"{556, 557}",sbc019,38,FRANK,121.29,121.50,2763444
105,105,"{558, 559, 560}",sbc019,38,FRANK,121.50,122.52,2763444
106,106,"{561, 562, 563, 564, 565}",sbc019,65,JAN,121.50,122.78,4897866
107,107,"{566}",sbc019,66,MELISSA,122.43,122.79,2915709
108,108,"{567, 568, 569, 570, 571, 572, 573}",sbc019,65,JAN,122.69,124.18,4897866
109,109,"{574, 575, 576, 577, 578}",sbc019,65,JAN,124.18,125.44,4897866
110,110,"{579, 580, 581}",sbc019,66,MELISSA,125.44,125.95,2915709
111,111,"{582, 583, 584, 585, 586, 587, 588, 589}",sbc019,66,MELISSA,125.95,127.39,2915709
112,112,"{590, 591, 592, 593}",sbc019,66,MELISSA,127.39,128.18,2915709
113,113,"{594, 595, 596, 597, 598}",sbc019,66,MELISSA,128.18,129.14,2915709
114,114,"{599, 600, 601, 602, 603, 604, 605}",sbc019,66,MELISSA,129.14,130.09,2915709
115,115,"{606, 607, 608}",sbc019,65,JAN,130.09,131.12,4897866
116,116,"{609, 610, 611}",sbc019,63,RON,131.12,133.38,7829301
117,117,"{612, 613, 614, 615, 616, 617, 618}",sbc019,67,BRETT,133.38,135.10,9051935
118,118,"{619, 620, 621, 622, 623, 624, 625}",sbc019,38,FRANK,138.62,140.83,2763444
119,119,"{626, 627, 628, 629, 630, 631}",sbc019,38,FRANK,141.06,141.94,2763444
120,120,"{632, 633, 634, 635, 636}",sbc019,38,FRANK,141.94,142.65,2763444
121,121,"{637, 638, 639}",sbc019,38,FRANK,142.65,143.31,2763444
122,122,"{640, 641, 642, 643, 644}",sbc019,66,MELISSA,143.31,144.47,2915709
123,123,"{645, 646, 647, 648, 649, 650, 651, 652, 653}",sbc019,38,FRANK,144.47,146.78,2763444
124,124,"{654, 655}",sbc019,67,BRETT,146.78,148.62,9051935
125,125,"{656, 657, 658, 659, 660, 661, 662}",sbc019,38,FRANK,147.28,148.62,2763444
126,126,"{663}",sbc019,63,RON,147.33,148.90,7829301
127,127,"{664, 665, 666, 667, 668, 669, 670, 671}",sbc019,65,JAN,148.58,150.20,4897866
128,128,"{672, 673, 674}",sbc019,67,BRETT,148.87,149.98,9051935
129,129,"{675, 676, 677, 678, 679}",sbc019,38,FRANK,148.64,150.19,2763444
130,130,"{680, 681, 682, 683}",sbc019,67,BRETT,150.00,152.03,9051935
131,131,"{684, 685, 686, 687, 688, 689, 690, 691, 692}",sbc019,65,JAN,150.73,152.03,4897866
132,132,"{693, 694, 695, 696}",sbc019,67,BRETT,152.03,153.52,9051935
133,133,"{697, 698, 699, 700}",sbc019,66,MELISSA,153.57,154.67,2915709
134,134,"{701}",sbc019,65,JAN,154.06,154.54,4897866
135,135,"{702, 703, 704}",sbc019,66,MELISSA,154.65,155.22,2915709
136,136,"{705, 706, 707, 708, 709, 710, 711, 712, 713, 714}",sbc019,66,MELISSA,155.22,157.30,2915709
137,137,"{715, 716, 717, 718, 719, 720}",sbc019,38,FRANK,157.26,159.06,2763444
138,138,"{721, 722, 723}",sbc019,67,BRETT,157.78,158.65,9051935
139,139,"{724, 725, 726, 727}",sbc019,38,FRANK,159.04,159.56,2763444
140,140,"{728, 729}",sbc019,67,BRETT,159.04,159.56,9051935
141,141,"{}",sbc019,67,BRETT,159.56,159.96,9051935
142,142,"{730, 731, 732, 733, 734, 735}",sbc019,63,RON,159.96,161.12,7829301
143,143,"{736, 737}",sbc019,38,FRANK,160.20,160.69,2763444
144,144,"{738}",sbc019,38,FRANK,160.85,161.74,2763444
145,145,"{739, 740, 741, 742}",sbc019,38,FRANK,160.85,161.74,2763444
146,146,"{743, 744, 745, 746, 747, 748, 749, 750, 751, 752, 753, 754}",sbc019,38,FRANK,161.74,164.70,2763444
147,147,"{755, 756, 757, 758}",sbc019,38,FRANK,162.75,164.70,2763444
148,148,"{759, 760, 761, 762, 763, 764}",sbc019,65,JAN,164.34,165.90,4897866
149,149,"{765}",sbc019,67,BRETT,165.90,166.28,9051935
150,150,"{766, 767, 768, 769, 770}",sbc019,38,FRANK,166.28,166.85,2763444
151,151,"{771, 772, 773, 774, 775, 776, 777, 778}",sbc019,38,FRANK,166.85,167.84,2763444
152,152,"{779, 780, 781, 782, 783, 784}",sbc019,38,FRANK,167.84,168.75,2763444
153,153,"{785}",sbc019,67,BRETT,168.75,169.49,9051935
154,154,"{786, 787, 788, 789}",sbc019,66,MELISSA,169.49,170.09,2915709
155,155,"{790, 791, 792, 793, 794, 795, 796, 797, 798}",sbc019,66,MELISSA,170.09,171.98,2915709
156,156,"{799, 800}",sbc019,66,MELISSA,171.98,172.51,2915709
157,157,"{801, 802, 803, 804, 805, 806, 807, 808}",sbc019,66,MELISSA,172.51,173.66,2915709
158,158,"{809}",sbc019,67,BRETT,173.04,173.64,9051935
159,159,"{810, 811, 812}",sbc019,66,MELISSA,173.64,174.16,2915709
160,160,"{813, 814, 815}",sbc019,65,JAN,173.80,174.55,4897866
161,161,"{816, 817, 818}",sbc019,66,MELISSA,174.07,174.55,2915709
162,162,"{819, 820, 821, 822}",sbc019,66,MELISSA,174.57,174.98,2915709
163,163,"{823, 824, 825, 826, 827}",sbc019,66,MELISSA,174.98,176.18,2915709
164,164,"{828, 829, 830}",sbc019,66,MELISSA,176.18,177.04,2915709
165,165,"{831}",sbc019,66,MELISSA,176.83,184.85,2915709
166,166,"{832, 833, 834}",sbc019,66,MELISSA,177.04,177.76,2915709
167,167,"{835, 836, 837, 838, 839, 840, 841, 842, 843, 844, 845, 846, 847, 848}",sbc019,38,FRANK,177.64,179.94,2763444
168,168,"{849}",sbc019,63,RON,178.96,179.96,7829301
169,169,"{850, 851, 852, 853, 854}",sbc019,66,MELISSA,179.96,180.51,2915709
170,170,"{855, 856, 857, 858}",sbc019,38,FRANK,179.96,180.56,2763444
171,171,"{859}",sbc019,38,FRANK,180.68,182.38,2763444
172,172,"{860, 861, 862, 863}",sbc019,66,MELISSA,180.56,182.14,2915709
173,173,"{864}",sbc019,66,MELISSA,182.12,183.70,2915709
174,174,"{865, 866, 867, 868, 869, 870}",sbc019,66,MELISSA,182.12,183.70,2915709
175,175,"{871, 872, 873, 874, 875, 876, 877, 878}",sbc019,66,MELISSA,183.70,185.26,2915709
176,176,"{879, 880, 881, 882, 883}",sbc019,66,MELISSA,185.31,186.67,2915709
177,177,"{884, 885, 886, 887}",sbc019,66,MELISSA,186.67,187.46,2915709
178,178,"{888, 889, 890, 891, 892}",sbc019,66,MELISSA,187.46,188.37,2915709
179,179,"{893, 894, 895}",sbc019,66,MELISSA,188.37,188.73,2915709
180,180,"{896, 897, 898}",sbc019,66,MELISSA,188.73,189.62,2915709
181,181,"{899, 900, 901, 902, 903, 904, 905}",sbc019,66,MELISSA,189.62,190.82,2915709
182,182,"{906, 907, 908, 909, 910, 911}",sbc019,66,MELISSA,190.82,192.30,2915709
183,183,"{912, 913}",sbc019,66,MELISSA,192.30,193.26,2915709
184,184,"{914, 915}",sbc019,67,BRETT,193.26,194.82,9051935
185,185,"{916, 917, 918, 919, 920}",sbc019,66,MELISSA,194.03,195.47,2915709
186,186,"{921, 922, 923, 924, 925, 926}",sbc019,66,MELISSA,195.47,196.50,2915709
187,187,"{927, 928, 929, 930, 931, 932, 933}",sbc019,66,MELISSA,196.50,197.43,2915709
188,188,"{934, 935, 936, 937, 938, 939, 940, 941, 942, 943}",sbc019,66,MELISSA,197.43,199.11,2915709
189,189,"{944, 945, 946, 947, 948, 949, 950, 951, 952, 953, 954}",sbc019,66,MELISSA,199.11,200.67,2915709
190,190,"{955, 956, 957, 958, 959}",sbc019,38,FRANK,200.67,201.63,2763444
191,191,"{960, 961, 962, 963, 964}",sbc019,66,MELISSA,200.67,202.37,2915709
192,192,"{965, 966, 967, 968, 969, 970, 971, 972, 973, 974}",sbc019,38,FRANK,202.37,203.71,2763444
193,193,"{975, 976, 977, 978, 979}",sbc019,66,MELISSA,202.90,203.90,2915709
194,194,"{980, 981, 982, 983, 984, 985, 986, 987, 988}",sbc019,66,MELISSA,203.90,206.42,2915709
195,195,"{989}",sbc019,0000,#,205.84,206.42,12083896
196,196,"{990, 991, 992, 993, 994, 995, 996, 997}",sbc019,66,MELISSA,206.42,208.31,2915709
197,197,"{998, 999, 1000}",sbc019,38,FRANK,206.87,207.28,2763444
198,198,"{1001, 1002, 1003, 1004}",sbc019,38,FRANK,207.28,208.05,2763444
199,199,"{1005, 1006, 1007, 1008, 1009}",sbc019,38,FRANK,208.17,208.43,2763444
200,200,"{1010, 1011, 1012, 1013}",sbc019,66,MELISSA,208.43,209.41,2915709
201,201,"{1014, 1015, 1016, 1017, 1018, 1019, 1020, 1021, 1022, 1023, 1024, 1025, 1026, 1027, 1028}",sbc019,63,RON,209.41,212.70,7829301
202,202,"{1029, 1030, 1031, 1032, 1033}",sbc019,63,RON,212.70,213.58,7829301
203,203,"{1034, 1035, 1036}",sbc019,63,RON,213.58,214.30,7829301
204,204,"{1037, 1038, 1039, 1040, 1041}",sbc019,66,MELISSA,214.30,215.00,2915709
205,205,"{1042, 1043, 1044, 1045, 1046, 1047, 1048, 1049, 1050, 1051}",sbc019,63,RON,215.00,216.48,7829301
206,206,"{1052, 1053, 1054}",sbc019,63,RON,216.48,217.44,7829301
207,207,"{1055, 1056, 1057, 1058}",sbc019,63,RON,217.44,218.11,7829301
208,208,"{1059, 1060, 1061, 1062}",sbc019,66,MELISSA,218.11,218.85,2915709
209,209,"{1063, 1064, 1065, 1066, 1067}",sbc019,63,RON,218.64,219.76,7829301
210,210,"{1068, 1069}",sbc019,66,MELISSA,218.95,219.26,2915709
211,211,"{1070, 1071, 1072, 1073, 1074, 1075, 1076}",sbc019,38,FRANK,219.76,220.65,2763444
212,212,"{1077, 1078, 1079, 1080, 1081, 1082, 1083, 1084, 1085}",sbc019,63,RON,219.76,222.78,7829301
213,213,"{1086, 1087, 1088, 1089, 1090, 1091}",sbc019,38,FRANK,220.63,222.78,2763444
214,214,"{1092, 1093, 1094, 1095, 1096, 1097, 1098, 1099}",sbc019,38,FRANK,222.78,225.42,2763444
215,215,"{1100, 1101, 1102, 1103}",sbc019,38,FRANK,225.42,228.15,2763444
216,216,"{1104, 1105, 1106, 1107, 1108}",sbc019,38,FRANK,228.15,229.09,2763444
217,217,"{1109, 1110, 1111, 1112}",sbc019,38,FRANK,229.09,229.81,2763444
218,218,"{1113, 1114, 1115, 1116, 1117}",sbc019,38,FRANK,229.81,230.50,2763444
219,219,"{1118, 1119, 1120, 1121, 1122, 1123}",sbc019,38,FRANK,230.50,231.36,2763444
220,220,"{1124, 1125, 1126}",sbc019,66,MELISSA,231.36,232.23,2915709
221,221,"{1127, 1128, 1129, 1130}",sbc019,38,FRANK,232.23,234.38,2763444
222,222,"{1131, 1132, 1133}",sbc019,66,MELISSA,234.38,235.80,2915709
223,223,"{1134, 1135, 1136}",sbc019,38,FRANK,234.38,235.80,2763444
224,224,"{1137, 1138, 1139, 1140, 1141, 1142, 1143}",sbc019,38,FRANK,235.80,238.05,2763444
225,225,"{1144, 1145, 1146}",sbc019,38,FRANK,238.05,238.26,2763444
226,226,"{1147, 1148, 1149, 1150, 1151}",sbc019,38,FRANK,238.26,239.44,2763444
227,227,"{1152, 1153, 1154, 1155, 1156, 1157, 1158}",sbc019,38,FRANK,239.44,240.83,2763444
228,228,"{1159, 1160, 1161, 1162, 1163}",sbc019,38,FRANK,240.83,242.05,2763444
229,229,"{1164, 1165, 1166, 1167, 1168, 1169, 1170, 1171}",sbc019,38,FRANK,242.05,243.20,2763444
230,230,"{1172, 1173}",sbc019,38,FRANK,243.20,243.44,2763444
231,231,"{1174, 1175, 1176, 1177, 1178, 1179}",sbc019,38,FRANK,243.44,243.85,2763444
232,232,"{1180, 1181, 1182, 1183, 1184, 1185, 1186, 1187}",sbc019,38,FRANK,243.85,245.14,2763444
233,233,"{1188, 1189, 1190}",sbc019,38,FRANK,245.19,245.67,2763444
234,234,"{1191, 1192, 1193, 1194, 1195}",sbc019,38,FRANK,245.67,247.06,2763444
235,235,"{1196, 1197, 1198}",sbc019,38,FRANK,247.06,247.54,2763444
236,236,"{1199, 1200, 1201, 1202, 1203, 1204}",sbc019,38,FRANK,247.54,248.50,2763444
237,237,"{1205, 1206, 1207, 1208, 1209, 1210}",sbc019,63,RON,247.54,249.53,7829301
238,238,"{1211, 1212, 1213, 1214, 1215, 1216, 1217, 1218, 1219}",sbc019,38,FRANK,248.43,249.53,2763444
239,239,"{1220}",sbc019,38,FRANK,249.53,251.09,2763444
240,240,"{1221, 1222}",sbc019,63,RON,250.10,251.09,7829301
241,241,"{1223, 1224}",sbc019,38,FRANK,251.09,252.88,2763444
242,242,"{1225, 1226, 1227, 1228, 1229, 1230, 1231, 1232}",sbc019,66,MELISSA,252.88,255.95,2915709
243,243,"{1233, 1234}",sbc019,66,MELISSA,255.95,256.60,2915709
244,244,"{1235, 1236, 1237, 1238}",sbc019,66,MELISSA,256.60,257.34,2915709
245,245,"{1239, 1240, 1241, 1242}",sbc019,66,MELISSA,257.34,258.49,2915709
246,246,"{1243, 1244, 1245}",sbc019,66,MELISSA,258.49,259.02,2915709
247,247,"{1246, 1247, 1248, 1249, 1250}",sbc019,66,MELISSA,259.02,259.66,2915709
248,248,"{1251, 1252, 1253, 1254, 1255, 1256, 1257, 1258, 1259, 1260, 1261, 1262, 1263, 1264, 1265}",sbc019,66,MELISSA,259.66,262.68,2915709
249,249,"{1266}",sbc019,0000,#,263.45,264.74,12083896
250,250,"{1267, 1268, 1269}",sbc019,66,MELISSA,263.45,265.15,2915709
251,251,"{1270, 1271, 1272, 1273, 1274, 1275}",sbc019,67,BRETT,265.15,266.95,9051935
252,252,"{1276, 1277, 1278}",sbc019,67,BRETT,266.95,267.69,9051935
253,253,"{1279, 1280, 1281, 1282, 1283, 1284, 1285, 1286, 1287, 1288, 1289, 1290}",sbc019,67,BRETT,267.69,269.32,9051935
254,254,"{1291, 1292, 1293}",sbc019,67,BRETT,269.34,269.87,9051935
255,255,"{1294, 1295, 1296, 1297}",sbc019,67,BRETT,269.87,271.86,9051935
256,256,"{1298, 1299}",sbc019,63,RON,269.87,271.29,7829301
257,257,"{1300, 1301, 1302, 1303, 1304, 1305, 1306}",sbc019,63,RON,271.29,273.44,7829301
258,258,"{1307, 1308, 1309, 1310, 1311, 1312}",sbc019,67,BRETT,273.44,275.67,9051935
259,259,"{1313, 1314, 1315, 1316}",sbc019,66,MELISSA,273.44,274.83,2915709
260,260,"{1317, 1318, 1319, 1320, 1321, 1322, 1323, 1324}",sbc019,67,BRETT,275.67,276.70,9051935
261,261,"{1325, 1326}",sbc019,63,RON,275.67,275.93,7829301
262,262,"{1327, 1328, 1329}",sbc019,63,RON,275.93,276.27,7829301
263,263,"{1330, 1331, 1332, 1333, 1334}",sbc019,66,MELISSA,276.70,277.56,2915709
264,264,"{1335, 1336, 1337, 1338}",sbc019,66,MELISSA,277.56,278.88,2915709
265,265,"{1339}",sbc019,63,RON,278.88,280.01,7829301
266,266,"{1340, 1341, 1342}",sbc019,63,RON,279.41,279.96,7829301
267,267,"{1343, 1344, 1345, 1346, 1347, 1348, 1349, 1350, 1351}",sbc019,38,FRANK,279.96,280.87,2763444
268,268,"{1352, 1353}",sbc019,38,FRANK,280.87,281.49,2763444
269,269,"{1354, 1355, 1356, 1357}",sbc019,67,BRETT,281.62,284.03,9051935
270,270,"{1358}",sbc019,67,BRETT,281.18,283.89,9051935
271,271,"{1359}",sbc019,66,MELISSA,284.03,284.54,2915709
272,272,"{1360, 1361}",sbc019,67,BRETT,284.03,284.42,9051935
273,273,"{1362, 1363, 1364, 1365, 1366}",sbc019,63,RON,284.42,285.50,7829301
274,274,"{1367, 1368, 1369, 1370, 1371, 1372, 1373, 1374, 1375, 1376}",sbc019,38,FRANK,285.50,287.44,2763444
275,275,"{1377, 1378}",sbc019,67,BRETT,285.50,285.86,9051935
276,276,"{1379, 1380, 1381, 1382, 1383}",sbc019,67,BRETT,285.86,286.79,9051935
277,277,"{1384, 1385, 1386, 1387}",sbc019,67,BRETT,287.41,287.94,9051935
278,278,"{1388, 1389}",sbc019,38,FRANK,287.94,289.38,2763444
279,279,"{1390, 1391, 1392, 1393}",sbc019,67,BRETT,287.94,289.26,9051935
280,280,"{1394, 1395, 1396, 1397, 1398}",sbc019,38,FRANK,289.26,290.53,2763444
281,281,"{1399, 1400, 1401}",sbc019,67,BRETT,289.26,290.17,9051935
282,282,"{1402, 1403, 1404, 1405, 1406, 1407}",sbc019,38,FRANK,290.53,291.25,2763444
283,283,"{1408, 1409, 1410, 1411}",sbc019,38,FRANK,291.25,291.94,2763444
284,284,"{1412, 1413, 1414, 1415}",sbc019,38,FRANK,291.75,293.12,2763444
285,285,"{1416, 1417, 1418}",sbc019,67,BRETT,293.81,294.94,9051935
286,286,"{1419, 1420, 1421}",sbc019,38,FRANK,294.94,296.09,2763444
287,287,"{1422, 1423, 1424}",sbc019,38,FRANK,296.09,297.72,2763444
288,288,"{1425, 1426, 1427}",sbc019,63,RON,297.72,298.12,7829301
289,289,"{1428, 1429, 1430, 1431, 1432, 1433}",sbc019,38,FRANK,298.12,299.59,2763444
290,290,"{1434, 1435, 1436, 1437, 1438}",sbc019,38,FRANK,299.59,300.23,2763444
291,291,"{1439, 1440, 1441}",sbc019,0000,#,300.23,301.10,12083896
292,292,"{1442, 1443, 1444}",sbc019,38,FRANK,300.42,301.19,2763444
293,293,"{1445, 1446, 1447, 1448, 1449}",sbc019,38,FRANK,301.14,301.84,2763444
294,294,"{1450, 1451}",sbc019,38,FRANK,301.84,302.15,2763444
295,295,"{1452, 1453}",sbc019,67,BRETT,302.15,302.27,9051935
296,296,"{1454, 1455}",sbc019,38,FRANK,302.20,302.47,2763444
297,297,"{1456, 1457, 1458}",sbc019,38,FRANK,302.47,303.09,2763444
298,298,"{1459}",sbc019,38,FRANK,303.18,306.14,2763444
299,299,"{1460, 1461, 1462}",sbc019,38,FRANK,303.21,304.39,2763444
300,300,"{1463, 1464, 1465, 1466, 1467, 1468, 1469}",sbc019,38,FRANK,304.27,305.13,2763444
301,301,"{1470, 1471, 1472, 1473, 1474, 1475, 1476, 1477, 1478}",sbc019,38,FRANK,305.13,306.44,2763444
302,302,"{1479, 1480, 1481, 1482, 1483, 1484}",sbc019,38,FRANK,306.44,308.06,2763444
303,303,"{1485, 1486, 1487, 1488, 1489, 1490, 1491, 1492}",sbc019,38,FRANK,309.72,311.24,2763444
304,304,"{1493, 1494, 1495, 1496, 1497, 1498, 1499, 1500, 1501, 1502}",sbc019,38,FRANK,311.24,314.12,2763444
305,305,"{1503, 1504, 1505, 1506}",sbc019,38,FRANK,314.12,315.01,2763444
306,306,"{1507, 1508, 1509, 1510}",sbc019,38,FRANK,315.01,315.91,2763444
307,307,"{1511, 1512, 1513, 1514, 1515, 1516}",sbc019,38,FRANK,315.91,317.14,2763444
308,308,"{1517, 1518, 1519, 1520, 1521, 1522}",sbc019,38,FRANK,317.14,319.31,2763444
309,309,"{1523}",sbc019,38,FRANK,318.12,320.84,2763444
310,310,"{1524, 1525, 1526, 1527, 1528, 1529}",sbc019,67,BRETT,318.12,319.40,9051935
311,311,"{1530, 1531, 1532}",sbc019,67,BRETT,319.49,320.58,9051935
312,312,"{1533, 1534, 1535, 1536}",sbc019,38,FRANK,319.36,320.47,2763444
313,313,"{1537, 1538}",sbc019,65,JAN,320.91,321.72,4897866
314,314,"{1539, 1540, 1541, 1542, 1543, 1544}",sbc019,63,RON,321.28,322.71,7829301
315,315,"{1545, 1546}",sbc019,38,FRANK,321.46,321.83,2763444
316,316,"{1547, 1548, 1549}",sbc019,38,FRANK,322.71,323.06,2763444
317,317,"{1550, 1551, 1552, 1553}",sbc019,38,FRANK,323.07,323.50,2763444
318,318,"{1554, 1555, 1556, 1557, 1558, 1559, 1560, 1561, 1562, 1563}",sbc019,38,FRANK,323.50,326.93,2763444
319,319,"{1564, 1565}",sbc019,63,RON,326.75,326.93,7829301
320,320,"{1566, 1567, 1568, 1569}",sbc019,67,BRETT,326.93,327.73,9051935
321,321,"{1570, 1571, 1572, 1573, 1574, 1575, 1576, 1577, 1578, 1579}",sbc019,38,FRANK,327.73,329.45,2763444
322,322,"{1580, 1581, 1582, 1583, 1584, 1585, 1586, 1587, 1588}",sbc019,38,FRANK,329.45,331.42,2763444
323,323,"{1589, 1590}",sbc019,38,FRANK,331.42,331.57,2763444
324,324,"{1591, 1592}",sbc019,63,RON,331.57,332.14,7829301
325,325,"{1593, 1594, 1595, 1596, 1597, 1598}",sbc019,63,RON,332.14,333.45,7829301
326,326,"{1599, 1600, 1601, 1602}",sbc019,63,RON,333.45,333.80,7829301
327,327,"{1603, 1604}",sbc019,38,FRANK,333.80,334.08,2763444
328,328,"{1605, 1606, 1607, 1608, 1609}",sbc019,38,FRANK,334.08,334.79,2763444
329,329,"{1610, 1611}",sbc019,63,RON,334.79,335.10,7829301
330,330,"{}",sbc019,67,BRETT,335.10,335.49,9051935
331,331,"{1612}",sbc019,67,BRETT,335.49,336.41,9051935
332,332,"{1613, 1614, 1615}",sbc019,38,FRANK,335.49,336.41,2763444
333,333,"{1616, 1617, 1618, 1619, 1620, 1621, 1622, 1623, 1624}",sbc019,38,FRANK,336.41,338.72,2763444
334,334,"{1625, 1626, 1627, 1628}",sbc019,38,FRANK,338.72,339.50,2763444
335,335,"{1629, 1630, 1631, 1632, 1633, 1634}",sbc019,38,FRANK,339.50,340.71,2763444
336,336,"{1635, 1636, 1637, 1638, 1639, 1640, 1641}",sbc019,38,FRANK,340.71,342.02,2763444
337,337,"{1642, 1643, 1644, 1645, 1646, 1647, 1648, 1649, 1650, 1651, 1652, 1653, 1654, 1655, 1656, 1657}",sbc019,38,FRANK,342.02,344.66,2763444
338,338,"{1658, 1659, 1660, 1661, 1662}",sbc019,38,FRANK,344.66,345.32,2763444
339,339,"{1663, 1664}",sbc019,63,RON,344.92,345.34,7829301
340,340,"{1665, 1666, 1667, 1668}",sbc019,38,FRANK,345.34,346.94,2763444
341,341,"{1669, 1670, 1671, 1672, 1673, 1674}",sbc019,38,FRANK,346.94,348.11,2763444
342,342,"{1675, 1676, 1677}",sbc019,38,FRANK,348.19,348.96,2763444
343,343,"{1678, 1679, 1680, 1681, 1682, 1683, 1684, 1685}",sbc019,38,FRANK,348.96,350.86,2763444
344,344,"{1686, 1687, 1688, 1689, 1690, 1691, 1692, 1693}",sbc019,38,FRANK,350.86,352.08,2763444
345,345,"{1694, 1695, 1696, 1697, 1698}",sbc019,38,FRANK,352.13,352.74,2763444
346,346,"{1699, 1700}",sbc019,38,FRANK,352.74,353.42,2763444
347,347,"{1701, 1702, 1703, 1704, 1705, 1706, 1707, 1708, 1709}",sbc019,38,FRANK,353.38,357.16,2763444
348,348,"{1710, 1711, 1712, 1713}",sbc019,65,JAN,357.14,357.84,4897866
349,349,"{1714}",sbc019,65,JAN,357.75,358.55,4897866
350,350,"{1715, 1716, 1717, 1718, 1719, 1720, 1721, 1722, 1723, 1724, 1725}",sbc019,38,FRANK,358.58,360.35,2763444
351,351,"{1726, 1727, 1728, 1729}",sbc019,65,JAN,358.96,360.35,4897866
352,352,"{1730, 1731}",sbc019,38,FRANK,360.35,361.16,2763444
353,353,"{1732, 1733, 1734, 1735}",sbc019,65,JAN,360.35,361.51,4897866
354,354,"{1736, 1737, 1738}",sbc019,38,FRANK,361.48,362.33,2763444
355,355,"{1739, 1740, 1741, 1742, 1743, 1744, 1745, 1746, 1747, 1748}",sbc019,65,JAN,362.33,364.75,4897866
356,356,"{1749, 1750, 1751, 1752, 1753, 1754, 1755}",sbc019,38,FRANK,364.70,366.05,2763444
357,357,"{1756}",sbc019,38,FRANK,364.98,365.46,2763444
358,358,"{1757, 1758}",sbc019,67,BRETT,364.96,365.46,9051935
359,359,"{1759, 1760, 1761, 1762, 1763, 1764, 1765, 1766}",sbc019,38,FRANK,366.02,367.41,2763444
360,360,"{1767, 1768, 1769, 1770, 1771, 1772, 1773, 1774, 1775, 1776}",sbc019,38,FRANK,367.41,368.98,2763444
361,361,"{1777, 1778, 1779}",sbc019,38,FRANK,368.98,370.93,2763444
362,362,"{1780, 1781, 1782, 1783, 1784, 1785, 1786}",sbc019,38,FRANK,370.93,372.29,2763444
363,363,"{1787, 1788, 1789}",sbc019,38,FRANK,372.32,372.64,2763444
364,364,"{1790, 1791, 1792, 1793}",sbc019,38,FRANK,372.64,373.93,2763444
365,365,"{1794, 1795, 1796, 1797, 1798, 1799, 1800}",sbc019,63,RON,373.46,374.74,7829301
366,366,"{1801, 1802, 1803, 1804}",sbc019,38,FRANK,374.76,375.32,2763444
367,367,"{1805}",sbc019,38,FRANK,374.76,375.32,2763444
368,368,"{1806, 1807, 1808}",sbc019,38,FRANK,375.32,375.84,2763444
369,369,"{1809, 1810, 1811}",sbc019,38,FRANK,375.84,376.12,2763444
370,370,"{1812, 1813, 1814, 1815, 1816}",sbc019,38,FRANK,376.12,378.05,2763444
371,371,"{1817, 1818, 1819, 1820, 1821, 1822, 1823, 1824, 1825, 1826, 1827, 1828}",sbc019,67,BRETT,377.01,379.32,9051935
372,372,"{1829, 1830, 1831, 1832, 1833, 1834, 1835, 1836, 1837, 1838}",sbc019,38,FRANK,378.61,381.50,2763444
373,373,"{1839, 1840, 1841}",sbc019,65,JAN,381.50,382.06,4897866
374,374,"{1842, 1843, 1844, 1845, 1846}",sbc019,38,FRANK,382.06,382.77,2763444
375,375,"{1847, 1848, 1849, 1850, 1851, 1852, 1853, 1854, 1855, 1856, 1857, 1858, 1859}",sbc019,38,FRANK,382.74,385.40,2763444
376,376,"{1860, 1861}",sbc019,67,BRETT,385.04,385.41,9051935
377,377,"{1862, 1863, 1864, 1865}",sbc019,67,BRETT,385.13,386.54,9051935
378,378,"{1866, 1867, 1868, 1869, 1870, 1871, 1872}",sbc019,38,FRANK,386.54,387.90,2763444
379,379,"{1873, 1874, 1875, 1876, 1877, 1878}",sbc019,67,BRETT,386.67,387.84,9051935
380,380,"{1879, 1880, 1881}",sbc019,38,FRANK,387.84,388.18,2763444
381,381,"{1882, 1883, 1884, 1885}",sbc019,67,BRETT,388.07,388.87,9051935
382,382,"{1886, 1887, 1888}",sbc019,66,MELISSA,388.07,388.82,2915709
383,383,"{1889, 1890, 1891, 1892, 1893, 1894, 1895, 1896}",sbc019,66,MELISSA,388.94,390.17,2915709
384,384,"{1897, 1898, 1899, 1900, 1901, 1902, 1903, 1904}",sbc019,66,MELISSA,390.17,392.76,2915709
385,385,"{1905, 1906, 1907, 1908}",sbc019,67,BRETT,391.48,392.56,9051935
386,386,"{1909, 1910, 1911, 1912, 1913, 1914, 1915}",sbc019,67,BRETT,392.56,393.97,9051935
387,387,"{1916, 1917, 1918}",sbc019,63,RON,393.97,394.63,7829301
388,388,"{1919, 1920, 1921}",sbc019,67,BRETT,394.63,396.08,9051935
389,389,"{1922, 1923, 1924}",sbc019,67,BRETT,396.08,397.59,9051935
390,390,"{1925, 1926, 1927, 1928, 1929, 1930}",sbc019,67,BRETT,397.59,399.44,9051935
391,391,"{1931, 1932, 1933, 1934}",sbc019,67,BRETT,399.44,400.42,9051935
392,392,"{1935, 1936, 1937, 1938, 1939, 1940, 1941, 1942}",sbc019,67,BRETT,400.49,402.20,9051935
393,393,"{1943, 1944, 1945, 1946, 1947, 1948, 1949}",sbc019,66,MELISSA,402.20,404.37,2915709
394,394,"{1950, 1951, 1952}",sbc019,67,BRETT,404.37,405.03,9051935
395,395,"{1953, 1954, 1955, 1956}",sbc019,66,MELISSA,404.96,406.16,2915709
396,396,"{1957, 1958, 1959, 1960, 1961, 1962, 1963}",sbc019,66,MELISSA,406.18,407.53,2915709
397,397,"{1964, 1965, 1966}",sbc019,67,BRETT,407.53,409.08,9051935
398,398,"{1967, 1968, 1969, 1970, 1971, 1972, 1973, 1974, 1975}",sbc019,67,BRETT,409.08,410.82,9051935
399,399,"{1976, 1977, 1978, 1979}",sbc019,67,BRETT,410.82,411.40,9051935
400,400,"{1980, 1981}",sbc019,67,BRETT,411.35,411.85,9051935
401,401,"{1982, 1983, 1984, 1985, 1986}",sbc019,63,RON,411.35,412.16,7829301
402,402,"{1987, 1988, 1989, 1990, 1991, 1992, 1993, 1994, 1995, 1996}",sbc019,63,RON,412.16,413.73,7829301
403,403,"{1997, 1998, 1999, 2000, 2001, 2002, 2003}",sbc019,67,BRETT,412.79,413.72,9051935
404,404,"{2004, 2005, 2006, 2007, 2008, 2009, 2010}",sbc019,67,BRETT,413.72,415.26,9051935
405,405,"{2011, 2012, 2013, 2014, 2015}",sbc019,63,RON,414.58,415.46,7829301
406,406,"{2016, 2017, 2018, 2019}",sbc019,67,BRETT,415.44,416.38,9051935
407,407,"{2020, 2021}",sbc019,38,FRANK,415.70,416.26,2763444
408,408,"{2022, 2023, 2024, 2025, 2026, 2027}",sbc019,38,FRANK,416.26,416.88,2763444
409,409,"{2028, 2029, 2030, 2031, 2032, 2033, 2034, 2035, 2036}",sbc019,67,BRETT,416.48,417.85,9051935
410,410,"{2037, 2038, 2039, 2040, 2041, 2042}",sbc019,38,FRANK,416.88,417.90,2763444
411,411,"{2043, 2044, 2045, 2046, 2047, 2048}",sbc019,63,RON,417.00,418.51,7829301
412,412,"{2049, 2050, 2051}",sbc019,38,FRANK,418.51,419.04,2763444
413,413,"{2052, 2053, 2054, 2055}",sbc019,38,FRANK,419.04,419.63,2763444
414,414,"{2056, 2057, 2058, 2059}",sbc019,38,FRANK,419.63,420.49,2763444
415,415,"{2060, 2061, 2062, 2063, 2064, 2065, 2066, 2067, 2068}",sbc019,38,FRANK,420.47,422.02,2763444
416,416,"{2069, 2070}",sbc019,38,FRANK,422.02,422.57,2763444
417,417,"{2071, 2072, 2073, 2074}",sbc019,38,FRANK,422.57,424.78,2763444
418,418,"{2075, 2076, 2077, 2078, 2079, 2080, 2081, 2082, 2083, 2084, 2085}",sbc019,38,FRANK,424.69,426.18,2763444
419,419,"{2086}",sbc019,65,JAN,425.81,425.98,4897866
420,420,"{2087, 2088, 2089, 2090, 2091}",sbc019,38,FRANK,425.91,426.94,2763444
421,421,"{2092, 2093}",sbc019,38,FRANK,426.94,427.52,2763444
422,422,"{2094, 2095}",sbc019,38,FRANK,427.52,427.77,2763444
423,423,"{2096, 2097, 2098, 2099}",sbc019,38,FRANK,427.77,428.79,2763444
424,424,"{2100, 2101, 2102, 2103, 2104, 2105}",sbc019,38,FRANK,428.79,430.47,2763444
425,425,"{2106, 2107, 2108, 2109, 2110, 2111, 2112, 2113}",sbc019,67,BRETT,429.43,431.23,9051935
426,426,"{2114, 2115, 2116, 2117, 2118, 2119}",sbc019,38,FRANK,431.23,432.67,2763444
427,427,"{2120, 2121, 2122, 2123}",sbc019,38,FRANK,432.67,433.87,2763444
428,428,"{2124, 2125, 2126, 2127, 2128}",sbc019,38,FRANK,433.87,435.31,2763444
429,429,"{2129, 2130, 2131, 2132, 2133, 2134, 2135, 2136, 2137}",sbc019,38,FRANK,435.31,436.70,2763444
430,430,"{2138, 2139, 2140, 2141, 2142, 2143, 2144}",sbc019,38,FRANK,436.74,438.19,2763444
431,431,"{2145, 2146, 2147, 2148, 2149, 2150, 2151}",sbc019,63,RON,437.90,439.72,7829301
432,432,"{2152, 2153, 2154, 2155}",sbc019,38,FRANK,438.58,439.29,2763444
433,433,"{2156, 2157}",sbc019,67,BRETT,439.77,440.50,9051935
434,434,"{2158, 2159}",sbc019,38,FRANK,439.77,440.66,2763444
435,435,"{2160, 2161, 2162}",sbc019,63,RON,440.51,441.10,7829301
436,436,"{2163}",sbc019,67,BRETT,440.69,440.90,9051935
437,437,"{2164, 2165, 2166, 2167, 2168}",sbc019,38,FRANK,440.83,441.39,2763444
438,438,"{2169, 2170}",sbc019,67,BRETT,441.07,441.41,9051935
439,439,"{2171}",sbc019,67,BRETT,441.48,441.85,9051935
440,440,"{2172, 2173, 2174, 2175, 2176}",sbc019,38,FRANK,441.46,442.09,2763444
441,441,"{2177, 2178, 2179, 2180, 2181, 2182, 2183, 2184}",sbc019,38,FRANK,442.02,443.75,2763444
442,442,"{2185, 2186, 2187, 2188, 2189}",sbc019,38,FRANK,443.75,445.15,2763444
443,443,"{2190, 2191, 2192, 2193}",sbc019,38,FRANK,445.15,446.10,2763444
444,444,"{2194, 2195}",sbc019,63,RON,445.88,446.25,7829301
445,445,"{2196, 2197, 2198, 2199, 2200}",sbc019,38,FRANK,446.03,447.20,2763444
446,446,"{2201, 2202, 2203}",sbc019,38,FRANK,447.20,447.57,2763444
447,447,"{2204, 2205, 2206, 2207, 2208}",sbc019,38,FRANK,447.44,448.63,2763444
448,448,"{2209, 2210, 2211, 2212, 2213, 2214, 2215, 2216, 2217, 2218}",sbc019,38,FRANK,448.93,450.79,2763444
449,449,"{2219, 2220, 2221, 2222, 2223, 2224, 2225, 2226, 2227}",sbc019,63,RON,450.79,452.42,7829301
450,450,"{2228, 2229}",sbc019,63,RON,452.42,452.76,7829301
451,451,"{2230, 2231}",sbc019,38,FRANK,452.76,453.11,2763444
452,452,"{2232, 2233, 2234, 2235}",sbc019,38,FRANK,453.11,455.37,2763444
453,453,"{2236, 2237, 2238}",sbc019,38,FRANK,455.42,455.91,2763444
454,454,"{2239, 2240, 2241, 2242, 2243, 2244}",sbc019,38,FRANK,455.91,456.82,2763444
455,455,"{2245, 2246, 2247, 2248, 2249, 2250, 2251}",sbc019,38,FRANK,456.82,458.46,2763444
456,456,"{2252, 2253, 2254}",sbc019,38,FRANK,458.46,459.45,2763444
457,457,"{2255, 2256}",sbc019,63,RON,459.45,459.85,7829301
458,458,"{2257, 2258, 2259, 2260, 2261}",sbc019,38,FRANK,459.85,461.55,2763444
459,459,"{2262, 2263, 2264, 2265, 2266, 2267, 2268, 2269, 2270, 2271, 2272}",sbc019,38,FRANK,461.55,463.63,2763444
460,460,"{2273, 2274}",sbc019,38,FRANK,463.63,463.85,2763444
461,461,"{2275, 2276, 2277, 2278, 2279, 2280, 2281, 2282, 2283}",sbc019,38,FRANK,463.85,465.55,2763444
462,462,"{2284, 2285, 2286, 2287}",sbc019,67,BRETT,465.55,466.34,9051935
463,463,"{2288, 2289, 2290, 2291, 2292}",sbc019,38,FRANK,466.29,466.78,2763444
464,464,"{2293, 2294, 2295, 2296}",sbc019,38,FRANK,466.78,467.73,2763444
465,465,"{2297, 2298, 2299, 2300, 2301, 2302, 2303, 2304, 2305, 2306, 2307}",sbc019,38,FRANK,467.73,470.93,2763444
466,466,"{2308, 2309, 2310}",sbc019,38,FRANK,470.93,471.85,2763444
467,467,"{2311, 2312, 2313}",sbc019,67,BRETT,471.91,472.29,9051935
468,468,"{2314, 2315}",sbc019,38,FRANK,472.10,472.68,2763444
469,469,"{2316, 2317}",sbc019,67,BRETT,472.59,481.06,9051935
470,470,"{2318}",sbc019,65,JAN,472.59,481.06,4897866
471,471,"{2319, 2320, 2321, 2322, 2323}",sbc019,67,BRETT,481.06,483.84,9051935
472,472,"{2324, 2325, 2326, 2327, 2328}",sbc019,67,BRETT,483.84,486.14,9051935
473,473,"{2329, 2330}",sbc019,0000,#,484.63,486.36,12083896
474,474,"{2331, 2332, 2333, 2334, 2335, 2336, 2337, 2338, 2339, 2340}",sbc019,38,FRANK,484.84,486.58,2763444
475,475,"{2341, 2342}",sbc019,38,FRANK,486.58,487.04,2763444
476,476,"{2343, 2344, 2345, 2346, 2347, 2348}",sbc019,38,FRANK,487.04,488.12,2763444
477,477,"{2349, 2350, 2351, 2352, 2353, 2354, 2355, 2356}",sbc019,38,FRANK,488.12,489.11,2763444
478,478,"{2357, 2358, 2359, 2360}",sbc019,38,FRANK,489.11,489.90,2763444
479,479,"{2361, 2362, 2363, 2364, 2365, 2366}",sbc019,38,FRANK,489.90,490.65,2763444
480,480,"{2367, 2368, 2369}",sbc019,67,BRETT,490.65,492.09,9051935
481,481,"{2370, 2371, 2372, 2373, 2374}",sbc019,67,BRETT,492.05,494.88,9051935
482,482,"{2375, 2376, 2377, 2378, 2379}",sbc019,67,BRETT,494.88,495.73,9051935
483,483,"{2380, 2381, 2382, 2383, 2384, 2385, 2386}",sbc019,38,FRANK,495.73,497.56,2763444
484,484,"{2387, 2388, 2389}",sbc019,67,BRETT,497.54,498.57,9051935
485,485,"{2390, 2391, 2392, 2393, 2394, 2395, 2396, 2397}",sbc019,67,BRETT,499.45,501.32,9051935
486,486,"{2398, 2399, 2400, 2401, 2402, 2403, 2404, 2405}",sbc019,65,JAN,498.49,500.77,4897866
487,487,"{2406, 2407, 2408, 2409, 2410}",sbc019,65,JAN,500.61,502.01,4897866
488,488,"{2411, 2412, 2413, 2414, 2415}",sbc019,66,MELISSA,502.01,504.04,2915709
489,489,"{2416, 2417}",sbc019,65,JAN,502.91,503.77,4897866
490,490,"{2418, 2419}",sbc019,38,FRANK,503.56,504.60,2763444
491,491,"{2420, 2421, 2422}",sbc019,65,JAN,503.99,505.35,4897866
492,492,"{2423, 2424, 2425, 2426, 2427, 2428, 2429}",sbc019,38,FRANK,505.03,506.52,2763444
493,493,"{2430, 2431, 2432}",sbc019,65,JAN,506.52,507.57,4897866
494,494,"{2433}",sbc019,65,JAN,507.52,508.94,4897866
495,495,"{2434, 2435, 2436, 2437, 2438, 2439, 2440}",sbc019,38,FRANK,507.52,508.94,2763444
496,496,"{2441, 2442, 2443, 2444, 2445, 2446}",sbc019,66,MELISSA,508.94,510.16,2915709
497,497,"{2447, 2448, 2449, 2450, 2451, 2452, 2453, 2454, 2455, 2456, 2457}",sbc019,66,MELISSA,510.14,511.79,2915709
498,498,"{2458}",sbc019,0000,#,510.19,511.56,12083896
499,499,"{2459, 2460, 2461, 2462, 2463, 2464, 2465, 2466}",sbc019,66,MELISSA,511.79,513.12,2915709
500,500,"{2467, 2468, 2469, 2470, 2471, 2472, 2473, 2474, 2475}",sbc019,66,MELISSA,513.11,514.80,2915709
501,501,"{2476, 2477, 2478, 2479, 2480}",sbc019,38,FRANK,513.11,514.43,2763444
502,502,"{2481, 2482, 2483, 2484, 2485, 2486}",sbc019,66,MELISSA,514.85,515.70,2915709
503,503,"{2487, 2488, 2489, 2490, 2491, 2492, 2493}",sbc019,66,MELISSA,515.70,517.31,2915709
504,504,"{2494}",sbc019,66,MELISSA,517.24,517.54,2915709
505,505,"{2495, 2496}",sbc019,66,MELISSA,517.24,517.54,2915709
506,506,"{2497, 2498, 2499, 2500, 2501, 2502, 2503}",sbc019,66,MELISSA,517.54,519.39,2915709
507,507,"{2504, 2505, 2506}",sbc019,38,FRANK,518.31,519.15,2763444
508,508,"{2507, 2508, 2509, 2510, 2511, 2512, 2513, 2514}",sbc019,38,FRANK,519.15,520.34,2763444
509,509,"{2515, 2516}",sbc019,66,MELISSA,519.21,520.83,2915709
510,510,"{2517, 2518, 2519, 2520, 2521, 2522}",sbc019,38,FRANK,520.24,521.24,2763444
511,511,"{2523, 2524, 2525, 2526}",sbc019,66,MELISSA,520.83,521.73,2915709
512,512,"{2527, 2528, 2529}",sbc019,66,MELISSA,521.73,522.20,2915709
513,513,"{2530, 2531, 2532, 2533, 2534}",sbc019,38,FRANK,521.13,522.35,2763444
514,514,"{2535, 2536, 2537, 2538, 2539, 2540, 2541, 2542}",sbc019,66,MELISSA,522.12,523.67,2915709
515,515,"{2543, 2544, 2545, 2546, 2547, 2548, 2549, 2550}",sbc019,66,MELISSA,523.67,525.13,2915709
516,516,"{2551, 2552}",sbc019,38,FRANK,523.79,524.08,2763444
517,517,"{2553, 2554}",sbc019,66,MELISSA,525.18,525.52,2915709
518,518,"{2555, 2556, 2557, 2558, 2559}",sbc019,38,FRANK,525.44,526.40,2763444
519,519,"{2560, 2561, 2562}",sbc019,66,MELISSA,525.50,526.16,2915709
520,520,"{2563, 2564, 2565}",sbc019,66,MELISSA,526.16,526.74,2915709
521,521,"{2566, 2567, 2568, 2569, 2570, 2571, 2572, 2573}",sbc019,38,FRANK,526.59,528.76,2763444
522,522,"{2574, 2575, 2576, 2577, 2578, 2579, 2580}",sbc019,66,MELISSA,528.94,529.62,2915709
523,523,"{2581, 2582, 2583, 2584, 2585, 2586, 2587, 2588}",sbc019,66,MELISSA,529.62,530.92,2915709
524,524,"{2589, 2590, 2591, 2592, 2593}",sbc019,38,FRANK,530.92,533.01,2763444
525,525,"{2594, 2595, 2596, 2597, 2598, 2599, 2600, 2601, 2602, 2603, 2604, 2605, 2606, 2607, 2608}",sbc019,66,MELISSA,533.01,537.17,2915709
526,526,"{2609, 2610, 2611, 2612, 2613, 2614}",sbc019,38,FRANK,537.14,541.58,2763444
527,527,"{2615, 2616, 2617}",sbc019,66,MELISSA,541.60,544.88,2915709
528,528,"{2618, 2619, 2620, 2621, 2622}",sbc019,66,MELISSA,544.81,546.34,2915709
529,529,"{2623, 2624, 2625}",sbc019,65,JAN,545.61,546.83,4897866
530,530,"{2626, 2627, 2628, 2629, 2630, 2631}",sbc019,66,MELISSA,546.32,547.54,2915709
531,531,"{2632, 2633}",sbc019,38,FRANK,547.54,549.27,2763444
532,532,"{2634, 2635}",sbc019,67,BRETT,548.91,549.22,9051935
533,533,"{2636, 2637, 2638, 2639, 2640}",sbc019,38,FRANK,549.06,550.37,2763444
534,534,"{2641, 2642}",sbc019,66,MELISSA,550.13,550.55,2915709
535,535,"{2643, 2644, 2645}",sbc019,66,MELISSA,550.55,551.03,2915709
536,536,"{2646, 2647, 2648, 2649, 2650, 2651}",sbc019,67,BRETT,551.03,552.64,9051935
537,537,"{2652, 2653, 2654, 2655, 2656}",sbc019,67,BRETT,552.64,554.16,9051935
538,538,"{2657, 2658, 2659, 2660}",sbc019,67,BRETT,554.16,555.35,9051935
539,539,"{2661}",sbc019,66,MELISSA,554.65,556.12,2915709
540,540,"{2662, 2663, 2664, 2665}",sbc019,65,JAN,555.82,559.63,4897866
541,541,"{2666, 2667, 2668, 2669, 2670, 2671, 2672, 2673, 2674}",sbc019,38,FRANK,559.74,562.48,2763444
542,542,"{2675, 2676, 2677, 2678, 2679, 2680, 2681}",sbc019,65,JAN,562.48,565.85,4897866
543,543,"{2682, 2683, 2684, 2685}",sbc019,67,BRETT,565.85,567.00,9051935
544,544,"{2686, 2687, 2688, 2689, 2690, 2691, 2692}",sbc019,67,BRETT,567.00,568.44,9051935
545,545,"{2693, 2694}",sbc019,65,JAN,568.44,571.27,4897866
546,546,"{2695, 2696, 2697}",sbc019,66,MELISSA,570.05,571.27,2915709
547,547,"{2698, 2699, 2700}",sbc019,38,FRANK,570.68,571.07,2763444
548,548,"{2701, 2702, 2703, 2704, 2705, 2706, 2707, 2708, 2709}",sbc019,38,FRANK,571.07,572.30,2763444
549,549,"{2710, 2711, 2712}",sbc019,65,JAN,572.30,573.42,4897866
550,550,"{2713, 2714, 2715, 2716, 2717, 2718, 2719}",sbc019,65,JAN,573.46,575.00,4897866
551,551,"{2720, 2721, 2722, 2723}",sbc019,38,FRANK,574.56,574.98,2763444
552,552,"{2724, 2725, 2726, 2727, 2728, 2729, 2730}",sbc019,38,FRANK,574.98,576.03,2763444
553,553,"{2731, 2732, 2733, 2734, 2735, 2736, 2737, 2738, 2739}",sbc019,66,MELISSA,576.03,578.45,2915709
554,554,"{2740, 2741, 2742, 2743, 2744, 2745, 2746, 2747, 2748}",sbc019,66,MELISSA,578.45,580.03,2915709
555,555,"{2749, 2750}",sbc019,63,RON,579.53,580.03,7829301
556,556,"{2751, 2752, 2753, 2754, 2755, 2756, 2757}",sbc019,63,RON,580.03,581.23,7829301
557,557,"{2758, 2759}",sbc019,65,JAN,580.64,581.23,4897866
558,558,"{2760, 2761, 2762, 2763, 2764}",sbc019,67,BRETT,581.26,587.97,9051935
559,559,"{2765, 2766, 2767, 2768, 2769}",sbc019,67,BRETT,588.02,589.24,9051935
560,560,"{2770, 2771, 2772, 2773, 2774, 2775, 2776, 2777, 2778}",sbc019,67,BRETT,589.24,590.49,9051935
561,561,"{2779, 2780, 2781, 2782, 2783, 2784}",sbc019,67,BRETT,590.49,591.24,9051935
562,562,"{2785, 2786, 2787, 2788, 2789, 2790, 2791, 2792}",sbc019,67,BRETT,591.05,592.34,9051935
563,563,"{2793, 2794, 2795, 2796, 2797, 2798, 2799, 2800, 2801, 2802}",sbc019,67,BRETT,592.37,594.24,9051935
564,564,"{2803, 2804, 2805, 2806, 2807, 2808, 2809, 2810, 2811}",sbc019,67,BRETT,594.17,595.71,9051935
565,565,"{2812, 2813, 2814, 2815}",sbc019,67,BRETT,595.71,596.32,9051935
566,566,"{2816, 2817, 2818, 2819, 2820, 2821, 2822, 2823, 2824, 2825}",sbc019,67,BRETT,596.30,597.69,9051935
567,567,"{2826, 2827, 2828, 2829, 2830, 2831, 2832, 2833}",sbc019,67,BRETT,597.69,598.89,9051935
568,568,"{2834, 2835, 2836, 2837, 2838, 2839, 2840, 2841}",sbc019,67,BRETT,598.89,600.28,9051935
569,569,"{2842, 2843, 2844, 2845}",sbc019,67,BRETT,600.28,601.25,9051935
570,570,"{2846, 2847, 2848, 2849, 2850, 2851, 2852}",sbc019,66,MELISSA,601.25,603.50,2915709
571,571,"{2853, 2854, 2855, 2856, 2857, 2858, 2859, 2860, 2861}",sbc019,66,MELISSA,603.50,604.91,2915709
572,572,"{2862}",sbc019,63,RON,604.08,605.25,7829301
573,573,"{2863, 2864, 2865, 2866, 2867, 2868}",sbc019,67,BRETT,605.25,605.82,9051935
574,574,"{2869, 2870, 2871, 2872, 2873, 2874}",sbc019,67,BRETT,605.87,606.80,9051935
575,575,"{2875, 2876, 2877, 2878, 2879, 2880, 2881, 2882}",sbc019,67,BRETT,606.80,608.28,9051935
576,576,"{2883, 2884}",sbc019,65,JAN,608.28,610.50,4897866
577,577,"{2885}",sbc019,38,FRANK,608.53,608.74,2763444
578,578,"{2886, 2887, 2888, 2889, 2890, 2891}",sbc019,66,MELISSA,608.75,610.33,2915709
579,579,"{2892, 2893}",sbc019,67,BRETT,609.58,611.33,9051935
580,580,"{2894, 2895, 2896, 2897, 2898, 2899, 2900, 2901, 2902}",sbc019,66,MELISSA,611.16,613.19,2915709
581,581,"{2903, 2904, 2905}",sbc019,67,BRETT,611.90,612.12,9051935
582,582,"{2906, 2907, 2908}",sbc019,67,BRETT,612.12,613.12,9051935
583,583,"{2909, 2910, 2911, 2912, 2913, 2914}",sbc019,67,BRETT,613.12,614.70,9051935
584,584,"{2915}",sbc019,0000,#,614.70,615.49,12083896
585,585,"{2916, 2917, 2918, 2919, 2920, 2921}",sbc019,66,MELISSA,615.49,616.48,2915709
586,586,"{2922, 2923}",sbc019,67,BRETT,615.15,616.17,9051935
587,587,"{2924, 2925}",sbc019,66,MELISSA,616.73,618,2915709
588,588,"{2926, 2927}",sbc019,67,BRETT,616.17,617.93,9051935
589,589,"{2928, 2929}",sbc019,66,MELISSA,618,618.34,2915709
590,590,"{2930, 2931, 2932, 2933, 2934, 2935}",sbc019,66,MELISSA,618.30,620.17,2915709
591,591,"{2936, 2937}",sbc019,67,BRETT,618.34,619.30,9051935
592,592,"{2938, 2939}",sbc019,65,JAN,619.47,620.20,4897866
593,593,"{2940, 2941, 2942}",sbc019,38,FRANK,620.18,621.13,2763444
594,594,"{2943}",sbc019,66,MELISSA,621.12,622.20,2915709
595,595,"{2944, 2945, 2946}",sbc019,66,MELISSA,622.17,624.55,2915709
596,596,"{2947, 2948}",sbc019,67,BRETT,624.42,626.11,9051935
597,597,"{2949, 2950, 2951, 2952, 2953, 2954}",sbc019,38,FRANK,625.84,626.99,2763444
598,598,"{2955, 2956, 2957, 2958}",sbc019,67,BRETT,626.99,632.43,9051935
599,599,"{2959, 2960, 2961}",sbc019,66,MELISSA,632.43,633.19,2915709
600,600,"{2962}",sbc019,66,MELISSA,633.19,634.33,2915709
601,601,"{2963}",sbc019,65,JAN,633.57,635.04,4897866
602,602,"{2964}",sbc019,0000,ENVIRONMENT,634.97,635.63,12083896
603,603,"{2965, 2966, 2967}",sbc019,67,BRETT,635.12,635.92,9051935
604,604,"{2968}",sbc019,67,BRETT,635.73,636.53,9051935
605,605,"{2969, 2970, 2971, 2972, 2973, 2974, 2975, 2976, 2977}",sbc019,67,BRETT,636.46,640.15,9051935
606,606,"{2978, 2979}",sbc019,66,MELISSA,637.73,640.00,2915709
607,607,"{2980, 2981, 2982, 2983, 2984, 2985, 2986, 2987, 2988}",sbc019,66,MELISSA,640.00,641.63,2915709
608,608,"{2989, 2990, 2991, 2992, 2993}",sbc019,67,BRETT,640.88,642.46,9051935
609,609,"{}",sbc019,67,BRETT,642.39,642.80,9051935
610,610,"{2994, 2995, 2996}",sbc019,38,FRANK,642.80,643.68,2763444
611,611,"{2997, 2998}",sbc019,65,JAN,642.83,643.42,4897866
612,612,"{2999}",sbc019,0000,ENVIRONMENT,643.42,643.75,12083896
613,613,"{}",sbc019,66,MELISSA,643.75,644.29,2915709
614,614,"{3000, 3001, 3002, 3003, 3004, 3005}",sbc019,67,BRETT,644.29,646.00,9051935
615,615,"{3006, 3007, 3008, 3009, 3010, 3011, 3012}",sbc019,67,BRETT,646.00,648.05,9051935
616,616,"{3013, 3014, 3015}",sbc019,67,BRETT,648.05,650.20,9051935
617,617,"{3016, 3017, 3018, 3019}",sbc019,66,MELISSA,650.15,651.22,2915709
618,618,"{3020, 3021, 3022, 3023, 3024, 3025}",sbc019,66,MELISSA,651.22,653.37,2915709
619,619,"{3026, 3027, 3028, 3029, 3030, 3031, 3032, 3033, 3034, 3035, 3036, 3037, 3038, 3039, 3040}",sbc019,65,JAN,653.37,655.67,4897866
620,620,"{3041, 3042, 3043, 3044, 3045, 3046, 3047}",sbc019,66,MELISSA,653.37,654.31,2915709
621,621,"{3048, 3049}",sbc019,67,BRETT,655.69,656.21,9051935
622,622,"{3050, 3051, 3052, 3053, 3054, 3055, 3056, 3057}",sbc019,67,BRETT,656.21,658.67,9051935
623,623,"{3058, 3059}",sbc019,67,BRETT,658.65,659.38,9051935
624,624,"{3060}",sbc019,0000,#,659.38,661.31,12083896
625,625,"{3061, 3062, 3063, 3064, 3065}",sbc019,65,JAN,661.31,662.78,4897866
626,626,"{3066, 3067, 3068}",sbc019,67,BRETT,662.78,664.60,9051935
627,627,"{3069, 3070, 3071, 3072, 3073}",sbc019,67,BRETT,664.60,665.15,9051935
628,628,"{3074, 3075}",sbc019,38,FRANK,664.63,665.41,2763444
629,629,"{3076, 3077}",sbc019,38,FRANK,665.41,665.71,2763444
630,630,"{3078}",sbc019,67,BRETT,665.71,669.46,9051935
631,631,"{3079, 3080, 3081, 3082, 3083, 3084, 3085, 3086, 3087}",sbc019,38,FRANK,669.46,675.67,2763444
632,632,"{3088}",sbc019,65,JAN,675.22,676.32,4897866
633,633,"{3089, 3090, 3091, 3092}",sbc019,38,FRANK,675.72,676.64,2763444
634,634,"{3093, 3094, 3095, 3096}",sbc019,67,BRETT,676.64,677.65,9051935
635,635,"{3097, 3098, 3099, 3100, 3101, 3102, 3103}",sbc019,38,FRANK,677.65,679.04,2763444
636,636,"{3104, 3105, 3106, 3107}",sbc019,38,FRANK,679.04,681.08,2763444
637,637,"{3108, 3109, 3110}",sbc019,67,BRETT,681.08,683.33,9051935
638,638,"{3111, 3112, 3113, 3114, 3115, 3116, 3117}",sbc019,66,MELISSA,683.07,684.38,2915709
639,639,"{3118, 3119, 3120, 3121, 3122, 3123, 3124, 3125, 3126}",sbc019,66,MELISSA,684.38,687.61,2915709
640,640,"{3127, 3128, 3129, 3130}",sbc019,67,BRETT,686.33,687.38,9051935
641,641,"{3131, 3132}",sbc019,67,BRETT,687.43,689.61,9051935
642,642,"{3133}",sbc019,65,JAN,687.63,692.05,4897866
643,643,"{3134, 3135, 3136, 3137, 3138, 3139, 3140, 3141, 3142, 3143, 3144}",sbc019,67,BRETT,691.76,694.51,9051935
644,644,"{3145, 3146, 3147, 3148, 3149, 3150, 3151}",sbc019,67,BRETT,694.54,696.18,9051935
645,645,"{3152}",sbc019,65,JAN,696.25,698.20,4897866
646,646,"{3153, 3154, 3155, 3156, 3157, 3158}",sbc019,65,JAN,698.22,700.84,4897866
647,647,"{3159, 3160, 3161}",sbc019,38,FRANK,700.84,701.38,2763444
648,648,"{3162, 3163, 3164, 3165, 3166}",sbc019,65,JAN,701.38,702.81,4897866
649,649,"{3167, 3168}",sbc019,67,BRETT,701.88,702.59,9051935
650,650,"{3169, 3170}",sbc019,65,JAN,702.76,703.33,4897866
651,651,"{3171, 3172, 3173}",sbc019,65,JAN,703.33,704.16,4897866
652,652,"{3174, 3175, 3176, 3177, 3178, 3179, 3180, 3181}",sbc019,65,JAN,704.16,706.13,4897866
653,653,"{3182, 3183, 3184, 3185}",sbc019,38,FRANK,706.13,706.84,2763444
654,654,"{3186, 3187}",sbc019,65,JAN,706.84,707.33,4897866
655,655,"{3188, 3189}",sbc019,38,FRANK,707.33,707.97,2763444
656,656,"{3190, 3191, 3192, 3193, 3194}",sbc019,66,MELISSA,707.80,709.40,2915709
657,657,"{3195, 3196}",sbc019,67,BRETT,708.58,709.40,9051935
658,658,"{3197}",sbc019,63,RON,708.99,709.43,7829301
659,659,"{3198}",sbc019,67,BRETT,709.26,711.68,9051935
660,660,"{3199}",sbc019,66,MELISSA,709.06,711.68,2915709
661,661,"{3200}",sbc019,65,JAN,709.70,710.45,4897866
662,662,"{3201, 3202, 3203, 3204, 3205, 3206}",sbc019,38,FRANK,709.94,710.99,2763444
663,663,"{3207, 3208, 3209, 3210, 3211, 3212, 3213, 3214, 3215, 3216}",sbc019,38,FRANK,710.99,712.70,2763444
664,664,"{3217, 3218}",sbc019,65,JAN,712.70,713.38,4897866
665,665,"{3219, 3220, 3221, 3222, 3223}",sbc019,65,JAN,713.38,714.75,4897866
666,666,"{3224, 3225, 3226, 3227, 3228}",sbc019,38,FRANK,714.66,715.73,2763444
667,667,"{3229, 3230}",sbc019,65,JAN,715.71,716.14,4897866
668,668,"{3231, 3232, 3233, 3234, 3235}",sbc019,65,JAN,716.14,717.20,4897866
669,669,"{3236, 3237, 3238, 3239, 3240, 3241, 3242, 3243}",sbc019,65,JAN,717.20,718.63,4897866
670,670,"{3244, 3245}",sbc019,38,FRANK,718.63,719.42,2763444
671,671,"{3246, 3247, 3248, 3249}",sbc019,67,BRETT,719.12,720.32,9051935
672,672,"{3250, 3251, 3252, 3253, 3254, 3255, 3256, 3257, 3258, 3259}",sbc019,38,FRANK,720.27,721.86,2763444
673,673,"{3260, 3261, 3262, 3263, 3264, 3265, 3266, 3267, 3268}",sbc019,38,FRANK,721.86,723.22,2763444
674,674,"{3269, 3270, 3271, 3272, 3273, 3274, 3275, 3276}",sbc019,65,JAN,722.95,724.52,4897866
675,675,"{3277}",sbc019,38,FRANK,724.16,724.72,2763444
676,676,"{3278, 3279}",sbc019,38,FRANK,724.72,725.11,2763444
677,677,"{3280, 3281, 3282, 3283, 3284}",sbc019,65,JAN,725.10,725.83,4897866
678,678,"{3285, 3286, 3287, 3288, 3289, 3290, 3291}",sbc019,66,MELISSA,725.10,726.60,2915709
679,679,"{3292, 3293, 3294, 3295}",sbc019,38,FRANK,726.60,728.45,2763444
680,680,"{3296, 3297, 3298, 3299, 3300, 3301, 3302, 3303}",sbc019,38,FRANK,728.45,729.67,2763444
681,681,"{3304, 3305, 3306, 3307, 3308}",sbc019,67,BRETT,729.67,731.48,9051935
682,682,"{3309, 3310, 3311, 3312, 3313, 3314, 3315}",sbc019,67,BRETT,731.48,733.33,9051935
683,683,"{3316, 3317, 3318, 3319, 3320, 3321, 3322}",sbc019,38,FRANK,732.77,733.92,2763444
684,684,"{3323, 3324, 3325}",sbc019,67,BRETT,733.58,733.92,9051935
685,685,"{3326, 3327, 3328, 3329, 3330, 3331, 3332}",sbc019,67,BRETT,733.92,734.94,9051935
686,686,"{3333, 3334, 3335}",sbc019,65,JAN,734.72,742.15,4897866
687,687,"{3336}",sbc019,66,MELISSA,740.87,742.15,2915709
688,688,"{3337, 3338, 3339, 3340, 3341, 3342, 3343}",sbc019,67,BRETT,741.58,742.80,9051935
689,689,"{3344, 3345, 3346, 3347, 3348}",sbc019,67,BRETT,742.80,745.27,9051935
690,690,"{3349, 3350, 3351}",sbc019,67,BRETT,745.25,746.03,9051935
691,691,"{3352}",sbc019,67,BRETT,745.25,746.03,9051935
692,692,"{3353}",sbc019,67,BRETT,746.03,747.12,9051935
693,693,"{3354}",sbc019,38,FRANK,745.88,747.22,2763444
694,694,"{3355}",sbc019,65,JAN,746.79,747.47,4897866
695,695,"{3356}",sbc019,38,FRANK,747.42,751.72,2763444
696,696,"{3357, 3358, 3359, 3360, 3361}",sbc019,67,BRETT,749.23,750.47,9051935
697,697,"{3362, 3363, 3364, 3365, 3366, 3367}",sbc019,67,BRETT,750.40,752.57,9051935
698,698,"{3368, 3369, 3370}",sbc019,67,BRETT,752.15,755.09,9051935
699,699,"{3371, 3372, 3373, 3374, 3375}",sbc019,67,BRETT,755.16,756.11,9051935
700,700,"{3376, 3377, 3378, 3379, 3380, 3381}",sbc019,66,MELISSA,755.82,756.90,2915709
701,701,"{3382, 3383, 3384, 3385}",sbc019,67,BRETT,756.92,758.72,9051935
702,702,"{3386, 3387, 3388}",sbc019,66,MELISSA,758.72,759.21,2915709
703,703,"{3389, 3390, 3391, 3392, 3393}",sbc019,66,MELISSA,759.23,760.06,2915709
704,704,"{3394, 3395, 3396}",sbc019,67,BRETT,760.07,760.50,9051935
705,705,"{3397, 3398, 3399}",sbc019,66,MELISSA,760.50,761.09,2915709
706,706,"{3400, 3401, 3402, 3403}",sbc019,67,BRETT,761.09,762.39,9051935
707,707,"{3404, 3405, 3406, 3407}",sbc019,66,MELISSA,762.39,763.38,2915709
708,708,"{3408, 3409, 3410, 3411, 3412, 3413, 3414, 3415}",sbc019,66,MELISSA,763.33,765.03,2915709
709,709,"{3416, 3417, 3418}",sbc019,66,MELISSA,765.03,765.78,2915709
710,710,"{3419, 3420, 3421}",sbc019,65,JAN,765.78,767.32,4897866
711,711,"{3422, 3423, 3424}",sbc019,67,BRETT,767.32,768.25,9051935
712,712,"{3425, 3426, 3427, 3428, 3429}",sbc019,67,BRETT,768.25,769.15,9051935
713,713,"{3430, 3431, 3432, 3433, 3434}",sbc019,66,MELISSA,768.79,770.13,2915709
714,714,"{}",sbc019,63,RON,770.01,770.74,7829301
715,715,"{3435}",sbc019,66,MELISSA,770.73,771.34,2915709
716,716,"{3436, 3437}",sbc019,63,RON,770.74,771.66,7829301
717,717,"{}",sbc019,65,JAN,771.63,772.33,4897866
718,718,"{3438, 3439, 3440}",sbc019,38,FRANK,772.27,772.84,2763444
719,719,"{3441, 3442}",sbc019,67,BRETT,772.23,772.86,9051935
720,720,"{3443, 3444, 3445, 3446}",sbc019,67,BRETT,772.86,774.06,9051935
721,721,"{3447, 3448, 3449, 3450, 3451, 3452}",sbc019,66,MELISSA,774.06,775.42,2915709
722,722,"{3453}",sbc019,65,JAN,774.25,774.98,4897866
723,723,"{3454, 3455, 3456, 3457, 3458, 3459}",sbc019,67,BRETT,774.76,779.59,9051935
724,724,"{3460, 3461, 3462, 3463, 3464}",sbc019,66,MELISSA,775.37,776.10,2915709
725,725,"{3465, 3466, 3467}",sbc019,66,MELISSA,776.10,776.72,2915709
726,726,"{3468, 3469}",sbc019,66,MELISSA,776.72,777.01,2915709
727,727,"{3470, 3471, 3472, 3473, 3474, 3475, 3476}",sbc019,66,MELISSA,777.01,779.01,2915709
728,728,"{3477, 3478, 3479, 3480, 3481, 3482}",sbc019,38,FRANK,779.01,780.11,2763444
729,729,"{3483, 3484, 3485}",sbc019,66,MELISSA,780.11,780.52,2915709
730,730,"{3486, 3487, 3488, 3489, 3490, 3491}",sbc019,66,MELISSA,780.52,781.99,2915709
731,731,"{3492}",sbc019,67,BRETT,781.52,781.92,9051935
732,732,"{3493, 3494, 3495}",sbc019,67,BRETT,781.92,782.55,9051935
733,733,"{3496, 3497}",sbc019,38,FRANK,781.92,782.53,2763444
734,734,"{3498, 3499, 3500, 3501, 3502, 3503, 3504}",sbc019,66,MELISSA,781.92,783.29,2915709
735,735,"{3505, 3506, 3507, 3508}",sbc019,38,FRANK,783.29,784.04,2763444
736,736,"{3509, 3510, 3511}",sbc019,66,MELISSA,783.57,783.96,2915709
737,737,"{3512, 3513, 3514, 3515, 3516, 3517, 3518, 3519, 3520, 3521, 3522, 3523, 3524, 3525}",sbc019,66,MELISSA,783.96,786.55,2915709
738,738,"{3526, 3527, 3528, 3529, 3530}",sbc019,66,MELISSA,786.55,787.36,2915709
739,739,"{3531, 3532, 3533}",sbc019,66,MELISSA,787.36,787.66,2915709
740,740,"{3534, 3535}",sbc019,67,BRETT,787.36,787.73,9051935
741,741,"{3536, 3537}",sbc019,67,BRETT,787.73,788.22,9051935
742,742,"{3538, 3539, 3540, 3541, 3542}",sbc019,66,MELISSA,787.73,788.61,2915709
743,743,"{3543, 3544}",sbc019,67,BRETT,788.61,789.68,9051935
744,744,"{3545}",sbc019,65,JAN,788.58,789.26,4897866
745,745,"{3546, 3547}",sbc019,66,MELISSA,789.46,790.34,2915709
746,746,"{3548, 3549, 3550, 3551, 3552, 3553, 3554, 3555, 3556}",sbc019,38,FRANK,789.46,790.90,2763444
747,747,"{3557, 3558, 3559, 3560, 3561, 3562, 3563, 3564}",sbc019,38,FRANK,790.90,792.07,2763444
748,748,"{3565, 3566, 3567}",sbc019,66,MELISSA,790.34,791.36,2915709
749,749,"{3568, 3569}",sbc019,38,FRANK,792.13,792.32,2763444
750,750,"{3570, 3571, 3572, 3573, 3574}",sbc019,38,FRANK,792.32,792.97,2763444
751,751,"{3575, 3576, 3577, 3578}",sbc019,67,BRETT,792.91,794.75,9051935
752,752,"{3579, 3580, 3581, 3582}",sbc019,38,FRANK,793.69,794.58,2763444
753,753,"{3583, 3584, 3585}",sbc019,67,BRETT,794.75,795.67,9051935
754,754,"{3586, 3587, 3588, 3589, 3590, 3591, 3592}",sbc019,66,MELISSA,795.03,796.03,2915709
755,755,"{3593, 3594, 3595, 3596, 3597, 3598}",sbc019,38,FRANK,796.03,797.10,2763444
756,756,"{3599, 3600, 3601, 3602, 3603, 3604}",sbc019,66,MELISSA,797.10,798.67,2915709
757,757,"{3605, 3606, 3607, 3608, 3609, 3610}",sbc019,67,BRETT,797.10,799.57,9051935
758,758,"{3611}",sbc019,63,RON,799.57,800.11,7829301
759,759,"{3612, 3613, 3614, 3615}",sbc019,67,BRETT,800.06,801.40,9051935
760,760,"{3616, 3617, 3618, 3619, 3620}",sbc019,67,BRETT,801.40,803.20,9051935
761,761,"{3621}",sbc019,65,JAN,803.21,804.23,4897866
762,762,"{3622}",sbc019,65,JAN,804.23,807.02,4897866
763,763,"{3623, 3624, 3625}",sbc019,38,FRANK,807.02,808.95,2763444
764,764,"{3626, 3627, 3628, 3629, 3630}",sbc019,38,FRANK,808.95,810.38,2763444
765,765,"{3631, 3632, 3633, 3634}",sbc019,67,BRETT,810.38,811.90,9051935
766,766,"{}",sbc019,67,BRETT,811.92,813.24,9051935
767,767,"{3635, 3636, 3637, 3638, 3639, 3640, 3641, 3642, 3643, 3644}",sbc019,65,JAN,813.24,815.61,4897866
768,768,"{3645, 3646}",sbc019,67,BRETT,815.07,815.33,9051935
769,769,"{3647, 3648, 3649, 3650}",sbc019,67,BRETT,815.33,816.03,9051935
770,770,"{3651, 3652, 3653}",sbc019,65,JAN,816.09,818.61,4897866
771,771,"{3654, 3655}",sbc019,63,RON,816.68,818.61,7829301
772,772,"{3656, 3657, 3658, 3659, 3660, 3661, 3662}",sbc019,65,JAN,818.61,821.64,4897866
773,773,"{3663, 3664}",sbc019,65,JAN,821.61,823.32,4897866
774,774,"{3665, 3666, 3667, 3668}",sbc019,66,MELISSA,823.35,824.13,2915709
775,775,"{3669, 3670, 3671, 3672, 3673}",sbc019,63,RON,823.81,824.81,7829301
776,776,"{3674}",sbc019,65,JAN,824.81,825.99,4897866
777,777,"{3675, 3676, 3677, 3678, 3679, 3680, 3681, 3682, 3683, 3684, 3685, 3686, 3687}",sbc019,66,MELISSA,825.99,829.09,2915709
778,778,"{}",sbc019,65,JAN,829.09,829.65,4897866
779,779,"{3688}",sbc019,38,FRANK,829.67,830.67,2763444
780,780,"{3689, 3690, 3691, 3692, 3693, 3694}",sbc019,66,MELISSA,830.67,832.01,2915709
781,781,"{3695, 3696, 3697, 3698, 3699, 3700, 3701, 3702, 3703, 3704}",sbc019,38,FRANK,831.31,833.17,2763444
782,782,"{3705, 3706, 3707, 3708, 3709, 3710}",sbc019,38,FRANK,833.17,834.41,2763444
783,783,"{3711, 3712}",sbc019,38,FRANK,834.29,834.80,2763444
784,784,"{3713, 3714, 3715, 3716, 3717}",sbc019,66,MELISSA,834.80,837.27,2915709
785,785,"{3718}",sbc019,65,JAN,836.61,837.33,4897866
786,786,"{3719, 3720, 3721, 3722, 3723, 3724}",sbc019,66,MELISSA,837.17,838.29,2915709
787,787,"{3725, 3726}",sbc019,65,JAN,838.22,839.09,4897866
788,788,"{3727, 3728, 3729, 3730}",sbc019,38,FRANK,838.56,839.64,2763444
789,789,"{3731, 3732, 3733}",sbc019,67,BRETT,839.37,840.42,9051935
790,790,"{3734}",sbc019,66,MELISSA,840.42,841.30,2915709
791,791,"{3735, 3736}",sbc019,67,BRETT,841.15,842.56,9051935
792,792,"{3737, 3738, 3739, 3740}",sbc019,66,MELISSA,841.15,842.66,2915709
793,793,"{3741, 3742, 3743, 3744, 3745, 3746, 3747, 3748}",sbc019,67,BRETT,842.66,844.54,9051935
794,794,"{3749, 3750}",sbc019,38,FRANK,844.10,844.52,2763444
795,795,"{3751, 3752, 3753, 3754, 3755, 3756}",sbc019,38,FRANK,844.52,845.49,2763444
796,796,"{3757, 3758, 3759, 3760, 3761, 3762, 3763, 3764, 3765, 3766, 3767, 3768}",sbc019,67,BRETT,844.30,847.76,9051935
797,797,"{3769, 3770}",sbc019,66,MELISSA,845.64,845.89,2915709
798,798,"{3771, 3772, 3773}",sbc019,66,MELISSA,845.89,846.30,2915709
799,799,"{3774, 3775, 3776}",sbc019,66,MELISSA,846.30,846.78,2915709
800,800,"{3777, 3778, 3779, 3780, 3781, 3782, 3783, 3784, 3785}",sbc019,66,MELISSA,846.78,848.05,2915709
801,801,"{3786, 3787, 3788, 3789, 3790}",sbc019,66,MELISSA,848.05,849.28,2915709
802,802,"{3791, 3792, 3793, 3794, 3795}",sbc019,66,MELISSA,849.28,850.55,2915709
803,803,"{3796, 3797, 3798}",sbc019,66,MELISSA,850.57,851.26,2915709
804,804,"{3799, 3800, 3801, 3802, 3803, 3804}",sbc019,66,MELISSA,851.26,852.37,2915709
805,805,"{3805}",sbc019,67,BRETT,851.98,852.50,9051935
806,806,"{3806, 3807, 3808, 3809, 3810}",sbc019,66,MELISSA,852.33,852.98,2915709
807,807,"{3811, 3812}",sbc019,67,BRETT,852.98,854.14,9051935
808,808,"{3813, 3814, 3815, 3816}",sbc019,66,MELISSA,853.28,854.48,2915709
809,809,"{3817, 3818, 3819, 3820, 3821}",sbc019,65,JAN,854.48,855.53,4897866
810,810,"{3822, 3823}",sbc019,67,BRETT,854.63,855.02,9051935
811,811,"{3824, 3825, 3826, 3827, 3828, 3829, 3830, 3831, 3832, 3833, 3834, 3835}",sbc019,66,MELISSA,854.96,856.62,2915709
812,812,"{3836, 3837, 3838, 3839}",sbc019,66,MELISSA,856.62,857.68,2915709
813,813,"{3840, 3841, 3842, 3843, 3844, 3845}",sbc019,67,BRETT,857.68,859.51,9051935
814,814,"{3846, 3847, 3848, 3849, 3850, 3851, 3852, 3853, 3854, 3855, 3856}",sbc019,66,MELISSA,858.33,860.33,2915709
815,815,"{3857, 3858, 3859, 3860, 3861, 3862}",sbc019,66,MELISSA,860.33,861.66,2915709
816,816,"{3863, 3864, 3865, 3866, 3867, 3868, 3869, 3870, 3871}",sbc019,66,MELISSA,861.66,864.29,2915709
817,817,"{3872, 3873, 3874, 3875, 3876, 3877, 3878, 3879, 3880, 3881}",sbc019,66,MELISSA,864.29,866.12,2915709
818,818,"{3882, 3883}",sbc019,65,JAN,866.32,866.80,4897866
819,819,"{3884, 3885, 3886, 3887}",sbc019,38,FRANK,866.81,867.49,2763444
820,820,"{3888, 3889, 3890, 3891, 3892, 3893, 3894, 3895}",sbc019,66,MELISSA,866.54,867.95,2915709
821,821,"{3896, 3897, 3898, 3899, 3900}",sbc019,38,FRANK,867.85,868.91,2763444
822,822,"{3901, 3902, 3903}",sbc019,65,JAN,868.71,869.48,4897866
823,823,"{3904, 3905, 3906, 3907, 3908, 3909}",sbc019,66,MELISSA,868.88,869.69,2915709
824,824,"{3910, 3911, 3912, 3913, 3914}",sbc019,65,JAN,869.48,870.76,4897866
825,825,"{3915, 3916, 3917}",sbc019,65,JAN,870.76,871.86,4897866
826,826,"{3918, 3919}",sbc019,65,JAN,871.86,872.34,4897866
827,827,"{3920, 3921}",sbc019,66,MELISSA,871.88,872.34,2915709
828,828,"{3922, 3923, 3924, 3925}",sbc019,63,RON,872.34,873.42,7829301
829,829,"{3926, 3927, 3928}",sbc019,65,JAN,873.40,873.81,4897866
830,830,"{3929}",sbc019,66,MELISSA,873.54,874.13,2915709
831,831,"{3930, 3931, 3932, 3933, 3934}",sbc019,67,BRETT,874.13,876.16,9051935
832,832,"{3935}",sbc019,38,FRANK,875.62,876.13,2763444
833,833,"{3936, 3937, 3938}",sbc019,65,JAN,876.10,876.71,4897866
834,834,"{3939, 3940, 3941}",sbc019,38,FRANK,876.71,877.43,2763444
835,835,"{3942, 3943, 3944}",sbc019,63,RON,877.06,877.45,7829301
836,836,"{3945, 3946, 3947, 3948}",sbc019,38,FRANK,877.47,878.70,2763444
837,837,"{3949, 3950, 3951}",sbc019,38,FRANK,878.70,878.92,2763444
838,838,"{3952, 3953, 3954, 3955}",sbc019,38,FRANK,878.92,880.02,2763444
839,839,"{3956, 3957, 3958, 3959}",sbc019,38,FRANK,880.01,881.70,2763444
840,840,"{3960, 3961, 3962, 3963}",sbc019,38,FRANK,881.70,882.38,2763444
841,841,"{3964, 3965, 3966}",sbc019,38,FRANK,882.38,882.75,2763444
842,842,"{3967, 3968, 3969, 3970, 3971, 3972}",sbc019,67,BRETT,882.75,884.24,9051935
843,843,"{3973, 3974}",sbc019,63,RON,882.75,883.21,7829301
844,844,"{3975, 3976, 3977, 3978, 3979, 3980, 3981}",sbc019,63,RON,883.94,884.97,7829301
845,845,"{3982, 3983}",sbc019,67,BRETT,884.21,884.41,9051935
846,846,"{3984, 3985}",sbc019,63,RON,885.04,885.70,7829301
847,847,"{3986, 3987}",sbc019,65,JAN,885.24,886.39,4897866
848,848,"{3988}",sbc019,65,JAN,885.43,885.90,4897866
849,849,"{3989, 3990}",sbc019,38,FRANK,885.43,885.90,2763444
850,850,"{3991, 3992, 3993, 3994}",sbc019,66,MELISSA,886.21,887.05,2915709
851,851,"{3995, 3996}",sbc019,65,JAN,886.41,887.10,4897866
852,852,"{3997, 3998, 3999, 4000}",sbc019,66,MELISSA,887.05,887.83,2915709
853,853,"{4001, 4002, 4003}",sbc019,63,RON,886.93,887.54,7829301
854,854,"{4004, 4005}",sbc019,63,RON,887.85,888.92,7829301
855,855,"{4006, 4007}",sbc019,67,BRETT,888.05,888.49,9051935
856,856,"{4008, 4009}",sbc019,65,JAN,888.34,888.92,4897866
857,857,"{4010}",sbc019,63,RON,888.92,889.71,7829301
858,858,"{4011, 4012}",sbc019,65,JAN,889.34,889.71,4897866
859,859,"{4013}",sbc019,63,RON,889.71,890.12,7829301
860,860,"{4014, 4015, 4016}",sbc019,65,JAN,890.12,890.95,4897866
861,861,"{4017, 4018, 4019, 4020}",sbc019,65,JAN,890.95,891.68,4897866
862,862,"{4021, 4022, 4023, 4024}",sbc019,38,FRANK,891.68,892.59,2763444
863,863,"{4025, 4026, 4027}",sbc019,65,JAN,892.58,893.10,4897866
864,864,"{4028, 4029, 4030}",sbc019,38,FRANK,893.15,893.69,2763444
865,865,"{4031, 4032, 4033, 4034}",sbc019,38,FRANK,893.71,894.32,2763444
866,866,"{4035, 4036, 4037, 4038}",sbc019,65,JAN,894.32,895.64,4897866
867,867,"{4039, 4040, 4041}",sbc019,65,JAN,895.64,896.50,4897866
868,868,"{4042, 4043, 4044}",sbc019,38,FRANK,896.50,897.69,2763444
869,869,"{4045, 4046}",sbc019,63,RON,897.11,897.59,7829301
870,870,"{4047, 4048, 4049, 4050, 4051, 4052, 4053, 4054, 4055}",sbc019,38,FRANK,897.59,899.43,2763444
871,871,"{4056, 4057}",sbc019,65,JAN,897.98,898.38,4897866
872,872,"{4058}",sbc019,65,JAN,899.00,899.42,4897866
873,873,"{4059, 4060, 4061, 4062, 4063, 4064}",sbc019,63,RON,899.23,900.67,7829301
874,874,"{4065, 4066}",sbc019,38,FRANK,899.28,900.35,2763444
875,875,"{4067, 4068, 4069}",sbc019,38,FRANK,900.25,900.71,2763444
876,876,"{4070, 4071, 4072, 4073, 4074}",sbc019,38,FRANK,900.64,901.71,2763444
877,877,"{4075, 4076, 4077, 4078}",sbc019,38,FRANK,901.71,903.38,2763444
878,878,"{4079, 4080, 4081, 4082, 4083, 4084, 4085}",sbc019,38,FRANK,903.38,904.67,2763444
879,879,"{4086, 4087}",sbc019,63,RON,903.75,904.11,7829301
880,880,"{4088, 4089, 4090, 4091}",sbc019,38,FRANK,904.65,905.13,2763444
881,881,"{4092, 4093}",sbc019,38,FRANK,905.14,905.52,2763444
882,882,"{4094, 4095, 4096}",sbc019,65,JAN,905.52,906.00,4897866
883,883,"{4097, 4098, 4099, 4100}",sbc019,38,FRANK,906.00,906.51,2763444
884,884,"{4101, 4102, 4103, 4104, 4105, 4106, 4107, 4108, 4109, 4110, 4111, 4112}",sbc019,38,FRANK,906.51,909.37,2763444
885,885,"{4113, 4114}",sbc019,63,RON,906.97,907.17,7829301
886,886,"{4115, 4116, 4117, 4118, 4119, 4120}",sbc019,38,FRANK,909.37,910.42,2763444
887,887,"{4121}",sbc019,38,FRANK,910.42,911.53,2763444
888,888,"{4122, 4123, 4124, 4125, 4126}",sbc019,38,FRANK,910.42,911.53,2763444
889,889,"{4127, 4128, 4129}",sbc019,38,FRANK,911.53,912.00,2763444
890,890,"{4130, 4131}",sbc019,63,RON,912.00,912.34,7829301
891,891,"{4132, 4133, 4134, 4135, 4136, 4137, 4138, 4139}",sbc019,66,MELISSA,912.34,914.17,2915709
892,892,"{4140, 4141, 4142, 4143, 4144}",sbc019,66,MELISSA,914.17,915.20,2915709
893,893,"{4145}",sbc019,38,FRANK,914.43,914.74,2763444
894,894,"{4146, 4147}",sbc019,66,MELISSA,915.20,915.42,2915709
895,895,"{4148, 4149, 4150, 4151, 4152, 4153, 4154}",sbc019,38,FRANK,915.42,917.08,2763444
896,896,"{4155, 4156, 4157}",sbc019,66,MELISSA,917.08,917.52,2915709
897,897,"{4158, 4159, 4160}",sbc019,66,MELISSA,917.52,917.97,2915709
898,898,"{4161, 4162, 4163, 4164, 4165, 4166, 4167, 4168}",sbc019,38,FRANK,917.97,919.38,2763444
899,899,"{4169, 4170}",sbc019,63,RON,918.32,918.54,7829301
900,900,"{4171, 4172}",sbc019,66,MELISSA,918.33,918.51,2915709
901,901,"{4173, 4174}",sbc019,38,FRANK,919.38,919.60,2763444
902,902,"{4175, 4176, 4177, 4178, 4179, 4180, 4181, 4182, 4183}",sbc019,66,MELISSA,919.60,921.38,2915709
903,903,"{4184}",sbc019,38,FRANK,919.96,920.19,2763444
904,904,"{4185}",sbc019,38,FRANK,920.61,921.25,2763444
905,905,"{4186}",sbc019,67,BRETT,921.12,921.77,9051935
906,906,"{4187, 4188}",sbc019,66,MELISSA,921.61,921.76,2915709
907,907,"{4189, 4190, 4191, 4192, 4193}",sbc019,66,MELISSA,921.76,922.48,2915709
908,908,"{4194, 4195, 4196, 4197, 4198}",sbc019,66,MELISSA,922.48,923.16,2915709
909,909,"{}",sbc019,65,JAN,923.01,923.25,4897866
910,910,"{4199, 4200, 4201, 4202, 4203, 4204, 4205, 4206, 4207}",sbc019,38,FRANK,923.27,924.54,2763444
911,911,"{4208, 4209, 4210}",sbc019,38,FRANK,924.54,925.00,2763444
912,912,"{4211}",sbc019,38,FRANK,925.00,926.46,2763444
913,913,"{4212, 4213, 4214, 4215, 4216, 4217, 4218, 4219}",sbc019,38,FRANK,925.00,926.46,2763444
914,914,"{4220, 4221, 4222}",sbc019,63,RON,926.46,926.77,7829301
915,915,"{4223, 4224, 4225, 4226, 4227, 4228, 4229, 4230, 4231, 4232}",sbc019,38,FRANK,926.77,929.13,2763444
916,916,"{4233, 4234, 4235}",sbc019,38,FRANK,929.13,929.60,2763444
917,917,"{4236, 4237, 4238, 4239, 4240, 4241, 4242}",sbc019,67,BRETT,929.40,930.79,9051935
918,918,"{4243, 4244}",sbc019,38,FRANK,929.63,930.75,2763444
919,919,"{4245, 4246, 4247}",sbc019,67,BRETT,930.83,931.52,9051935
920,920,"{4248, 4249, 4250, 4251, 4252, 4253}",sbc019,67,BRETT,931.52,932.35,9051935
921,921,"{4254, 4255}",sbc019,38,FRANK,931.90,932.22,2763444
922,922,"{4256, 4257, 4258}",sbc019,38,FRANK,932.22,932.54,2763444
923,923,"{4259, 4260, 4261, 4262, 4263}",sbc019,38,FRANK,932.54,933.35,2763444
924,924,"{4264, 4265, 4266, 4267, 4268, 4269, 4270}",sbc019,67,BRETT,932.22,933.36,9051935
925,925,"{4271, 4272, 4273, 4274}",sbc019,38,FRANK,933.35,934.43,2763444
926,926,"{4275, 4276, 4277, 4278, 4279, 4280, 4281, 4282, 4283}",sbc019,38,FRANK,934.43,935.84,2763444
927,927,"{4284, 4285}",sbc019,67,BRETT,935.22,935.44,9051935
928,928,"{4286, 4287}",sbc019,38,FRANK,935.87,936.25,2763444
929,929,"{4288, 4289, 4290, 4291, 4292, 4293, 4294, 4295}",sbc019,66,MELISSA,935.87,936.96,2915709
930,930,"{4296, 4297, 4298, 4299, 4300, 4301, 4302, 4303, 4304}",sbc019,66,MELISSA,936.99,938.46,2915709
931,931,"{4305, 4306, 4307, 4308}",sbc019,38,FRANK,937.23,938.11,2763444
932,932,"{4309}",sbc019,38,FRANK,938.46,940.86,2763444
933,933,"{4310, 4311, 4312, 4313, 4314, 4315, 4316, 4317, 4318}",sbc019,67,BRETT,940.86,943.15,9051935
934,934,"{4319}",sbc019,38,FRANK,941.48,942.27,2763444
935,935,"{4320, 4321, 4322, 4323, 4324, 4325}",sbc019,65,JAN,946.98,948.23,4897866
936,936,"{4326}",sbc019,65,JAN,946.38,946.38,4897866
937,937,"{4327, 4328, 4329, 4330, 4331, 4332, 4333}",sbc019,67,BRETT,948.03,951.47,9051935
938,938,"{4334, 4335}",sbc019,66,MELISSA,949.58,949.80,2915709
939,939,"{4336, 4337, 4338, 4339}",sbc019,66,MELISSA,950.80,951.86,2915709
940,940,"{4340, 4341, 4342, 4343, 4344, 4345, 4346, 4347, 4348, 4349, 4350, 4351}",sbc019,66,MELISSA,951.86,954.01,2915709
941,941,"{4352, 4353, 4354, 4355, 4356, 4357, 4358, 4359, 4360, 4361, 4362, 4363, 4364}",sbc019,66,MELISSA,954.01,956.52,2915709
942,942,"{4365, 4366, 4367}",sbc019,65,JAN,956.52,958.51,4897866
943,943,"{4368}",sbc019,65,JAN,958.38,958.75,4897866
944,944,"{4369, 4370, 4371}",sbc019,38,FRANK,958.51,959.37,2763444
945,945,"{4372, 4373}",sbc019,67,BRETT,959.37,964.42,9051935
946,946,"{4374}",sbc019,63,RON,959.37,964.42,7829301
947,947,"{4375, 4376, 4377}",sbc019,66,MELISSA,960.79,961.14,2915709
948,948,"{4378, 4379, 4380, 4381}",sbc019,66,MELISSA,961.14,962.57,2915709
949,949,"{4382}",sbc019,65,JAN,961.64,962.57,4897866
950,950,"{4383}",sbc019,38,FRANK,962.57,964.41,2763444
951,951,"{4384, 4385}",sbc019,67,BRETT,964.35,966.17,9051935
952,952,"{4386, 4387}",sbc019,66,MELISSA,965.83,966.17,2915709
953,953,"{4388, 4389, 4390, 4391}",sbc019,66,MELISSA,966.13,966.95,2915709
954,954,"{4392, 4393, 4394, 4395, 4396, 4397, 4398, 4399}",sbc019,66,MELISSA,966.96,968.20,2915709
955,955,"{4400}",sbc019,63,RON,968.20,970.14,7829301
956,956,"{4401, 4402, 4403, 4404}",sbc019,38,FRANK,970.18,971.46,2763444
957,957,"{4405, 4406, 4407, 4408, 4409, 4410, 4411}",sbc019,38,FRANK,971.47,972.26,2763444
958,958,"{4412, 4413, 4414, 4415, 4416}",sbc019,38,FRANK,972.26,972.86,2763444
959,959,"{4417, 4418, 4419, 4420, 4421, 4422, 4423, 4424}",sbc019,38,FRANK,972.80,974.55,2763444
960,960,"{4425, 4426}",sbc019,63,RON,974.55,977.13,7829301
961,961,"{4427}",sbc019,65,JAN,974.78,975.32,4897866
962,962,"{4428}",sbc019,66,MELISSA,975.46,975.91,2915709
963,963,"{4429, 4430, 4431, 4432, 4433, 4434}",sbc019,66,MELISSA,977.15,978.14,2915709
964,964,"{4435}",sbc019,63,RON,977.11,977.49,7829301
965,965,"{4436}",sbc019,65,JAN,978.05,978.63,4897866
966,966,"{4437, 4438, 4439, 4440, 4441, 4442}",sbc019,38,FRANK,978.63,979.31,2763444
967,967,"{4443, 4444, 4445, 4446, 4447, 4448, 4449, 4450}",sbc019,38,FRANK,979.31,980.86,2763444
968,968,"{4451, 4452, 4453, 4454, 4455, 4456, 4457}",sbc019,66,MELISSA,980.86,984.40,2915709
969,969,"{4458}",sbc019,66,MELISSA,984.40,985.71,2915709
970,970,"{4459, 4460}",sbc019,67,BRETT,985.71,989.02,9051935
971,971,"{4461}",sbc019,63,RON,989.02,991.48,7829301
972,972,"{4462, 4463, 4464}",sbc019,66,MELISSA,991.48,991.88,2915709
973,973,"{4465, 4466, 4467, 4468, 4469, 4470, 4471, 4472, 4473, 4474, 4475}",sbc019,66,MELISSA,991.88,993.55,2915709
974,974,"{4476, 4477, 4478, 4479, 4480}",sbc019,67,BRETT,993.55,996.02,9051935
975,975,"{4481, 4482, 4483, 4484, 4485}",sbc019,66,MELISSA,996.02,997.85,2915709
976,976,"{4486, 4487, 4488, 4489, 4490, 4491}",sbc019,66,MELISSA,997.85,998.70,2915709
977,977,"{4492, 4493, 4494, 4495, 4496}",sbc019,67,BRETT,998.70,1001.38,9051935
978,978,"{}",sbc019,65,JAN,1001.38,1001.96,4897866
979,979,"{}",sbc019,66,MELISSA,1001.96,1002.19,2915709
980,980,"{4497, 4498, 4499}",sbc019,66,MELISSA,1002.19,1003.16,2915709
981,981,"{4500, 4501, 4502, 4503, 4504, 4505, 4506, 4507, 4508}",sbc019,66,MELISSA,1003.16,1004.90,2915709
982,982,"{4509, 4510, 4511, 4512, 4513}",sbc019,67,BRETT,1004.90,1005.90,9051935
983,983,"{4514, 4515, 4516, 4517, 4518}",sbc019,67,BRETT,1005.90,1008.19,9051935
984,984,"{4519}",sbc019,63,RON,1006.91,1007.41,7829301
985,985,"{4520}",sbc019,67,BRETT,1008.20,1014.82,9051935
986,986,"{4521}",sbc019,67,BRETT,1009.86,1019.51,9051935
987,987,"{4522, 4523, 4524, 4525}",sbc019,67,BRETT,1014.82,1019.51,9051935
988,988,"{4526, 4527, 4528}",sbc019,67,BRETT,1019.51,1020.72,9051935
989,989,"{4529, 4530, 4531}",sbc019,67,BRETT,1020.63,1021.25,9051935
990,990,"{}",sbc019,67,BRETT,1021.25,1024.36,9051935
991,991,"{4532, 4533, 4534, 4535}",sbc019,67,BRETT,1024.36,1027.02,9051935
992,992,"{4536, 4537, 4538, 4539, 4540}",sbc019,66,MELISSA,1027.02,1027.91,2915709
993,993,"{4541, 4542, 4543, 4544, 4545, 4546}",sbc019,38,FRANK,1027.02,1028.85,2763444
994,994,"{4547, 4548, 4549, 4550, 4551, 4552, 4553, 4554}",sbc019,38,FRANK,1028.85,1030.59,2763444
995,995,"{4555, 4556, 4557, 4558, 4559, 4560, 4561, 4562, 4563, 4564}",sbc019,38,FRANK,1030.59,1033.89,2763444
996,996,"{4565}",sbc019,38,FRANK,1033.89,1035.20,2763444
997,997,"{4566, 4567, 4568, 4569, 4570}",sbc019,38,FRANK,1033.89,1035.20,2763444
998,998,"{4571, 4572, 4573, 4574, 4575, 4576}",sbc019,38,FRANK,1035.20,1036.27,2763444
999,999,"{4577}",sbc019,66,MELISSA,1035.93,1037.22,2915709
1000,1000,"{4578, 4579, 4580, 4581, 4582}",sbc019,38,FRANK,1036.27,1038.61,2763444
1001,1001,"{4583, 4584, 4585, 4586, 4587, 4588}",sbc019,38,FRANK,1038.61,1040.86,2763444
1002,1002,"{4589, 4590, 4591, 4592, 4593, 4594, 4595}",sbc019,63,RON,1040.86,1041.90,7829301
1003,1003,"{4596, 4597, 4598, 4599, 4600}",sbc019,38,FRANK,1041.90,1042.67,2763444
1004,1004,"{4601, 4602, 4603, 4604}",sbc019,38,FRANK,1042.67,1043.65,2763444
1005,1005,"{4605, 4606, 4607, 4608, 4609, 4610, 4611}",sbc019,66,MELISSA,1043.65,1045.06,2915709
1006,1006,"{4612, 4613}",sbc019,38,FRANK,1045.06,1045.48,2763444
1007,1007,"{4614, 4615}",sbc019,38,FRANK,1045.48,1045.81,2763444
1008,1008,"{4616, 4617, 4618, 4619, 4620, 4621, 4622, 4623, 4624}",sbc019,38,FRANK,1045.76,1047.55,2763444
1009,1009,"{4625, 4626}",sbc019,67,BRETT,1045.98,1046.30,9051935
1010,1010,"{4627, 4628, 4629}",sbc019,67,BRETT,1046.27,1046.94,9051935
1011,1011,"{4630, 4631, 4632, 4633, 4634}",sbc019,67,BRETT,1047.11,1049.02,9051935
1012,1012,"{4635}",sbc019,38,FRANK,1047.34,1048.02,2763444
1013,1013,"{4636}",sbc019,38,FRANK,1049.03,1050.23,2763444
1014,1014,"{4637, 4638, 4639, 4640}",sbc019,38,FRANK,1049.03,1050.23,2763444
1015,1015,"{4641, 4642, 4643, 4644}",sbc019,66,MELISSA,1049.29,1049.72,2915709
1016,1016,"{4645, 4646, 4647, 4648, 4649, 4650, 4651, 4652, 4653, 4654, 4655, 4656}",sbc019,66,MELISSA,1050.23,1052.48,2915709
1017,1017,"{4657, 4658, 4659, 4660, 4661, 4662}",sbc019,66,MELISSA,1052.48,1053.31,2915709
1018,1018,"{4663, 4664, 4665, 4666, 4667, 4668, 4669, 4670}",sbc019,38,FRANK,1052.47,1054.56,2763444
1019,1019,"{4671, 4672}",sbc019,38,FRANK,1054.38,1054.64,2763444
1020,1020,"{4673, 4674, 4675, 4676, 4677, 4678}",sbc019,66,MELISSA,1053.31,1055.05,2915709
1021,1021,"{4679, 4680, 4681, 4682, 4683, 4684, 4685, 4686, 4687, 4688, 4689}",sbc019,66,MELISSA,1054.64,1057.11,2915709
1022,1022,"{4690, 4691, 4692, 4693}",sbc019,67,BRETT,1057.11,1058.80,9051935
1023,1023,"{4694, 4695, 4696, 4697, 4698, 4699, 4700, 4701, 4702, 4703, 4704}",sbc019,65,JAN,1058.80,1061.44,4897866
1024,1024,"{4705, 4706, 4707, 4708, 4709, 4710}",sbc019,38,FRANK,1060.45,1061.44,2763444
1025,1025,"{4711}",sbc019,63,RON,1060.46,1062.90,7829301
1026,1026,"{4712, 4713, 4714}",sbc019,67,BRETT,1060.45,1062.90,9051935
1027,1027,"{4715, 4716, 4717, 4718, 4719, 4720}",sbc019,38,FRANK,1061.57,1062.90,2763444
1028,1028,"{4721, 4722, 4723, 4724, 4725, 4726, 4727, 4728, 4729, 4730, 4731}",sbc019,38,FRANK,1062.90,1065.42,2763444
1029,1029,"{4732, 4733, 4734, 4735, 4736, 4737, 4738, 4739, 4740}",sbc019,38,FRANK,1065.42,1069.07,2763444
1030,1030,"{4741, 4742, 4743, 4744}",sbc019,38,FRANK,1069.07,1073.79,2763444
1031,1031,"{4745, 4746, 4747, 4748, 4749, 4750, 4751, 4752, 4753}",sbc019,38,FRANK,1073.81,1075.99,2763444
1032,1032,"{4754}",sbc019,67,BRETT,1075.99,1076.52,9051935
1033,1033,"{4755, 4756, 4757}",sbc019,38,FRANK,1076.52,1077.17,2763444
1034,1034,"{4758, 4759, 4760, 4761, 4762, 4763, 4764, 4765, 4766}",sbc019,38,FRANK,1077.17,1078.96,2763444
1035,1035,"{4767, 4768, 4769, 4770, 4771, 4772, 4773, 4774, 4775, 4776, 4777, 4778, 4779}",sbc019,38,FRANK,1078.96,1081.31,2763444
1036,1036,"{4780, 4781}",sbc019,67,BRETT,1078.68,1079.43,9051935
1037,1037,"{4782, 4783, 4784, 4785, 4786, 4787, 4788, 4789, 4790, 4791}",sbc019,38,FRANK,1081.31,1083.85,2763444
1038,1038,"{4792, 4793, 4794, 4795, 4796, 4797, 4798, 4799, 4800, 4801, 4802, 4803, 4804, 4805}",sbc019,38,FRANK,1083.85,1087.17,2763444
1039,1039,"{4806}",sbc019,63,RON,1084.86,1085.38,7829301
1040,1040,"{4807, 4808}",sbc019,63,RON,1087.14,1087.63,7829301
1041,1041,"{4809, 4810, 4811}",sbc019,38,FRANK,1087.63,1088.63,2763444
1042,1042,"{4812, 4813, 4814, 4815, 4816, 4817, 4818, 4819, 4820, 4821, 4822, 4823, 4824, 4825, 4826, 4827}",sbc019,38,FRANK,1088.63,1091.45,2763444
1043,1043,"{4828, 4829}",sbc019,63,RON,1091.29,1091.62,7829301
1044,1044,"{4830, 4831, 4832}",sbc019,63,RON,1091.62,1092.14,7829301
1045,1045,"{4833, 4834, 4835, 4836, 4837, 4838, 4839, 4840, 4841, 4842}",sbc019,38,FRANK,1091.38,1093.24,2763444
1046,1046,"{4843, 4844, 4845, 4846, 4847}",sbc019,38,FRANK,1093.24,1094.06,2763444
1047,1047,"{4848, 4849, 4850, 4851, 4852, 4853, 4854}",sbc019,38,FRANK,1094.06,1095.92,2763444
1048,1048,"{4855, 4856, 4857, 4858, 4859, 4860, 4861, 4862, 4863}",sbc019,38,FRANK,1095.92,1097.28,2763444
1049,1049,"{4864, 4865, 4866, 4867, 4868}",sbc019,38,FRANK,1097.28,1099.64,2763444
1050,1050,"{4869, 4870, 4871, 4872, 4873}",sbc019,38,FRANK,1099.64,1101.04,2763444
1051,1051,"{4874, 4875, 4876, 4877, 4878, 4879}",sbc019,38,FRANK,1101.04,1102.09,2763444
1052,1052,"{4880, 4881, 4882, 4883}",sbc019,67,BRETT,1101.14,1102.09,9051935
1053,1053,"{4884, 4885, 4886, 4887, 4888}",sbc019,66,MELISSA,1101.22,1102.10,2915709
1054,1054,"{4889, 4890}",sbc019,63,RON,1102.05,1102.39,7829301
1055,1055,"{4891, 4892, 4893, 4894, 4895, 4896, 4897, 4898}",sbc019,66,MELISSA,1102.03,1103.06,2915709
1056,1056,"{4899, 4900, 4901, 4902, 4903}",sbc019,38,FRANK,1102.35,1103.24,2763444
1057,1057,"{4904, 4905, 4906, 4907, 4908, 4909}",sbc019,38,FRANK,1103.24,1104.15,2763444
1058,1058,"{4910, 4911, 4912}",sbc019,66,MELISSA,1104.06,1104.79,2915709
1059,1059,"{4913}",sbc019,63,RON,1104.79,1105.87,7829301
1060,1060,"{4914, 4915, 4916}",sbc019,66,MELISSA,1105.38,1105.88,2915709
1061,1061,"{4917, 4918, 4919, 4920}",sbc019,66,MELISSA,1105.88,1106.53,2915709
1062,1062,"{4921, 4922, 4923, 4924, 4925, 4926, 4927, 4928}",sbc019,66,MELISSA,1106.53,1108.31,2915709
1063,1063,"{4929, 4930}",sbc019,66,MELISSA,1108.31,1109.16,2915709
1064,1064,"{4931, 4932, 4933, 4934}",sbc019,38,FRANK,1108.28,1110.44,2763444
1065,1065,"{4935, 4936, 4937, 4938, 4939, 4940, 4941, 4942}",sbc019,38,FRANK,1110.44,1113.14,2763444
1066,1066,"{4943, 4944, 4945}",sbc019,66,MELISSA,1112.35,1112.83,2915709
1067,1067,"{4946, 4947, 4948}",sbc019,38,FRANK,1113.18,1113.50,2763444
1068,1068,"{4949, 4950, 4951, 4952}",sbc019,66,MELISSA,1112.81,1113.85,2915709
1069,1069,"{4953, 4954, 4955, 4956, 4957}",sbc019,66,MELISSA,1113.83,1114.54,2915709
1070,1070,"{4958, 4959, 4960}",sbc019,66,MELISSA,1114.54,1114.89,2915709
1071,1071,"{4961, 4962, 4963, 4964, 4965}",sbc019,66,MELISSA,1114.89,1116,2915709
1072,1072,"{4966, 4967, 4968, 4969, 4970, 4971, 4972, 4973, 4974}",sbc019,38,FRANK,1115.99,1117.52,2763444
1073,1073,"{4975, 4976, 4977, 4978, 4979, 4980, 4981}",sbc019,66,MELISSA,1117.52,1119.07,2915709
1074,1074,"{4982, 4983, 4984}",sbc019,38,FRANK,1118.99,1119.84,2763444
1075,1075,"{4985, 4986, 4987, 4988, 4989, 4990, 4991}",sbc019,66,MELISSA,1119.84,1120.71,2915709
1076,1076,"{4992, 4993, 4994, 4995}",sbc019,38,FRANK,1120.34,1121.05,2763444
1077,1077,"{4996, 4997, 4998, 4999, 5000, 5001}",sbc019,38,FRANK,1121.05,1122.24,2763444
1078,1078,"{5002, 5003, 5004}",sbc019,66,MELISSA,1120.99,1121.68,2915709
1079,1079,"{5005, 5006, 5007, 5008}",sbc019,38,FRANK,1122.24,1123.26,2763444
1080,1080,"{5009, 5010, 5011}",sbc019,0000,#,1122.84,1123.23,12083896
1081,1081,"{5012, 5013, 5014, 5015, 5016, 5017}",sbc019,38,FRANK,1123.23,1126,2763444
1082,1082,"{5018, 5019, 5020, 5021, 5022, 5023}",sbc019,38,FRANK,1126,1128.28,2763444
1083,1083,"{5024, 5025, 5026, 5027, 5028, 5029, 5030, 5031, 5032}",sbc019,38,FRANK,1128.28,1130.69,2763444
1084,1084,"{5033, 5034, 5035, 5036}",sbc019,38,FRANK,1130.69,1131.64,2763444
1085,1085,"{5037, 5038, 5039, 5040}",sbc019,38,FRANK,1131.64,1132.60,2763444
1086,1086,"{5041, 5042, 5043, 5044}",sbc019,38,FRANK,1132.61,1133.20,2763444
1087,1087,"{5045, 5046}",sbc019,63,RON,1132.76,1133.20,7829301
1088,1088,"{5047, 5048, 5049, 5050, 5051, 5052, 5053, 5054}",sbc019,38,FRANK,1133.20,1134.70,2763444
1089,1089,"{5055, 5056, 5057, 5058, 5059, 5060}",sbc019,38,FRANK,1134.70,1135.59,2763444
1090,1090,"{5061, 5062, 5063}",sbc019,38,FRANK,1135.59,1136.10,2763444
1091,1091,"{5064, 5065, 5066, 5067}",sbc019,38,FRANK,1136.10,1137.35,2763444
1092,1092,"{5068, 5069, 5070, 5071}",sbc019,38,FRANK,1137.28,1137.62,2763444
1093,1093,"{5072, 5073, 5074, 5075, 5076, 5077, 5078}",sbc019,38,FRANK,1137.62,1138.62,2763444
1094,1094,"{5079, 5080, 5081, 5082, 5083, 5084}",sbc019,38,FRANK,1138.64,1139.19,2763444
1095,1095,"{5085, 5086, 5087}",sbc019,38,FRANK,1139.19,1139.59,2763444
1096,1096,"{5088, 5089, 5090, 5091, 5092, 5093}",sbc019,38,FRANK,1139.59,1140.65,2763444
1097,1097,"{5094}",sbc019,38,FRANK,1140.65,1141.17,2763444
1098,1098,"{5095, 5096}",sbc019,63,RON,1140.64,1141.17,7829301
1099,1099,"{5097, 5098}",sbc019,66,MELISSA,1141.17,1141.68,2915709
1100,1100,"{5099, 5100}",sbc019,38,FRANK,1141.25,1141.38,2763444
1101,1101,"{5101, 5102, 5103, 5104, 5105, 5106, 5107, 5108}",sbc019,38,FRANK,1141.39,1143.60,2763444
1102,1102,"{5109, 5110, 5111, 5112, 5113, 5114, 5115, 5116, 5117}",sbc019,38,FRANK,1143.58,1145.62,2763444
1103,1103,"{5118, 5119, 5120}",sbc019,38,FRANK,1145.62,1145.90,2763444
1104,1104,"{5121, 5122, 5123, 5124, 5125, 5126, 5127}",sbc019,38,FRANK,1145.90,1147.12,2763444
1105,1105,"{5128, 5129, 5130, 5131, 5132, 5133, 5134, 5135, 5136, 5137, 5138, 5139}",sbc019,38,FRANK,1147.12,1149.08,2763444
1106,1106,"{5140, 5141, 5142, 5143, 5144, 5145, 5146}",sbc019,63,RON,1149.01,1150.34,7829301
1107,1107,"{5147, 5148, 5149, 5150, 5151}",sbc019,63,RON,1150.30,1151.09,7829301
1108,1108,"{5152, 5153, 5154, 5155, 5156}",sbc019,38,FRANK,1151.10,1151.88,2763444
1109,1109,"{5157, 5158, 5159, 5160, 5161, 5162, 5163, 5164}",sbc019,38,FRANK,1151.88,1153.43,2763444
1110,1110,"{5165, 5166}",sbc019,63,RON,1153.42,1153.72,7829301
1111,1111,"{5167, 5168, 5169, 5170, 5171, 5172, 5173}",sbc019,38,FRANK,1153.42,1154.83,2763444
1112,1112,"{5174, 5175}",sbc019,63,RON,1154.84,1155.23,7829301
1113,1113,"{5176}",sbc019,63,RON,1155.23,1156.81,7829301
1114,1114,"{5177, 5178, 5179, 5180, 5181, 5182, 5183, 5184, 5185, 5186}",sbc019,38,FRANK,1155.23,1156.81,2763444
1115,1115,"{5187, 5188, 5189, 5190, 5191}",sbc019,38,FRANK,1156.81,1158.52,2763444
1116,1116,"{5192, 5193, 5194, 5195, 5196, 5197, 5198}",sbc019,38,FRANK,1158.52,1159.74,2763444
1117,1117,"{5199}",sbc019,63,RON,1158.61,1159.08,7829301
1118,1118,"{5200, 5201, 5202, 5203, 5204, 5205, 5206}",sbc019,38,FRANK,1159.78,1160.95,2763444
1119,1119,"{5207, 5208, 5209, 5210, 5211, 5212, 5213, 5214, 5215, 5216, 5217}",sbc019,38,FRANK,1160.96,1162.64,2763444
1120,1120,"{5218, 5219, 5220}",sbc019,63,RON,1162.64,1163.88,7829301
1121,1121,"{5221, 5222, 5223, 5224, 5225}",sbc019,66,MELISSA,1163.88,1167.11,2915709
1122,1122,"{5226, 5227}",sbc019,66,MELISSA,1167.11,1167.89,2915709
1123,1123,"{5228, 5229, 5230, 5231, 5232, 5233, 5234}",sbc019,63,RON,1167.89,1169.09,7829301
1124,1124,"{5235, 5236, 5237, 5238}",sbc019,63,RON,1169.09,1170.18,7829301
1125,1125,"{5239, 5240, 5241, 5242}",sbc019,63,RON,1170.18,1170.54,7829301
1126,1126,"{5243, 5244, 5245}",sbc019,63,RON,1170.54,1171.40,7829301
1127,1127,"{5246, 5247, 5248}",sbc019,38,FRANK,1170.80,1171.67,2763444
1128,1128,"{5249, 5250, 5251, 5252}",sbc019,38,FRANK,1171.67,1173.86,2763444
1129,1129,"{5253, 5254, 5255, 5256, 5257, 5258}",sbc019,66,MELISSA,1173.86,1175.30,2915709
1130,1130,"{5259, 5260, 5261}",sbc019,38,FRANK,1175.30,1176.60,2763444
1131,1131,"{5262, 5263, 5264, 5265, 5266, 5267, 5268, 5269}",sbc019,38,FRANK,1176.60,1177.61,2763444
1132,1132,"{5270, 5271}",sbc019,66,MELISSA,1177.55,1178.31,2915709
1133,1133,"{5272, 5273, 5274, 5275}",sbc019,66,MELISSA,1178.33,1179.67,2915709
1134,1134,"{5276, 5277, 5278, 5279, 5280, 5281, 5282, 5283}",sbc019,38,FRANK,1178.28,1180.27,2763444
1135,1135,"{5284, 5285, 5286}",sbc019,63,RON,1180.27,1181.02,7829301
1136,1136,"{5287, 5288}",sbc019,66,MELISSA,1181.02,1181.35,2915709
1137,1137,"{5289, 5290}",sbc019,66,MELISSA,1181.35,1181.92,2915709
1138,1138,"{5291, 5292, 5293}",sbc019,38,FRANK,1181.41,1182.36,2763444
1139,1139,"{5294, 5295, 5296, 5297, 5298}",sbc019,38,FRANK,1182.36,1183.97,2763444
1140,1140,"{5299, 5300, 5301, 5302, 5303}",sbc019,66,MELISSA,1183.97,1186.66,2915709
1141,1141,"{5304, 5305, 5306, 5307, 5308}",sbc019,66,MELISSA,1186.66,1187.80,2915709
1142,1142,"{5309, 5310, 5311, 5312, 5313, 5314}",sbc019,38,FRANK,1186.82,1187.53,2763444
1143,1143,"{5315, 5316}",sbc019,63,RON,1187.12,1187.53,7829301
1144,1144,"{5317, 5318, 5319, 5320, 5321, 5322, 5323}",sbc019,38,FRANK,1187.53,1188.84,2763444
1145,1145,"{5324, 5325, 5326, 5327, 5328, 5329, 5330, 5331, 5332, 5333}",sbc019,63,RON,1187.53,1190.35,7829301
1146,1146,"{5334, 5335, 5336, 5337, 5338, 5339}",sbc019,38,FRANK,1188.37,1189.13,2763444
1147,1147,"{5340, 5341, 5342}",sbc019,38,FRANK,1190.35,1191.20,2763444
1148,1148,"{5343, 5344}",sbc019,63,RON,1190.35,1191.20,7829301
1149,1149,"{5345, 5346, 5347}",sbc019,63,RON,1191.45,1191.99,7829301
1150,1150,"{5348, 5349, 5350}",sbc019,38,FRANK,1191.20,1191.69,2763444
1151,1151,"{5351, 5352, 5353, 5354, 5355, 5356, 5357, 5358}",sbc019,38,FRANK,1191.69,1193.13,2763444
1152,1152,"{5359, 5360}",sbc019,63,RON,1192.26,1192.79,7829301
1153,1153,"{5361, 5362, 5363}",sbc019,63,RON,1193.08,1193.63,7829301
1154,1154,"{5364, 5365, 5366, 5367, 5368, 5369, 5370, 5371, 5372}",sbc019,66,MELISSA,1193.63,1196.82,2915709
1155,1155,"{5373}",sbc019,38,FRANK,1195.19,1195.94,2763444
1156,1156,"{5374, 5375}",sbc019,63,RON,1196.32,1196.72,7829301
1157,1157,"{5376, 5377, 5378}",sbc019,63,RON,1196.73,1198.04,7829301
1158,1158,"{5379, 5380, 5381, 5382}",sbc019,38,FRANK,1198.04,1198.83,2763444
1159,1159,"{5383, 5384}",sbc019,38,FRANK,1198.83,1199.16,2763444
1160,1160,"{}",sbc019,66,MELISSA,1199.16,1199.46,2915709
1161,1161,"{5385, 5386, 5387, 5388, 5389}",sbc019,66,MELISSA,1199.46,1200.62,2915709
1162,1162,"{5390, 5391}",sbc019,63,RON,1199.44,1199.83,7829301
1163,1163,"{5392, 5393, 5394, 5395, 5396, 5397, 5398}",sbc019,66,MELISSA,1200.62,1202.55,2915709
1164,1164,"{5399, 5400, 5401, 5402, 5403, 5404, 5405}",sbc019,38,FRANK,1202.19,1203.18,2763444
1165,1165,"{5406, 5407, 5408, 5409, 5410, 5411, 5412, 5413}",sbc019,66,MELISSA,1202.19,1203.72,2915709
1166,1166,"{5414}",sbc019,67,BRETT,1202.40,1204.64,9051935
1167,1167,"{}",sbc019,67,BRETT,1204.64,1205.29,9051935
1168,1168,"{5415, 5416, 5417, 5418, 5419, 5420, 5421}",sbc019,66,MELISSA,1205.29,1208.18,2915709
1169,1169,"{5422, 5423, 5424}",sbc019,66,MELISSA,1208.18,1208.87,2915709
1170,1170,"{5425}",sbc019,63,RON,1208.35,1208.82,7829301
1171,1171,"{5426, 5427, 5428, 5429, 5430, 5431, 5432}",sbc019,67,BRETT,1208.82,1210.97,9051935
1172,1172,"{5433, 5434, 5435, 5436, 5437, 5438}",sbc019,67,BRETT,1210.97,1212.08,9051935
1173,1173,"{5439, 5440, 5441, 5442, 5443, 5444, 5445, 5446}",sbc019,66,MELISSA,1211.40,1213.20,2915709
1174,1174,"{5447, 5448, 5449}",sbc019,67,BRETT,1212.58,1214.24,9051935
1175,1175,"{5450, 5451, 5452, 5453, 5454, 5455, 5456, 5457}",sbc019,66,MELISSA,1213.20,1214.10,2915709
1176,1176,"{5458, 5459, 5460, 5461, 5462, 5463, 5464, 5465, 5466, 5467, 5468, 5469, 5470}",sbc019,66,MELISSA,1214.10,1217.03,2915709
1177,1177,"{5471, 5472}",sbc019,38,FRANK,1217.03,1217.62,2763444
1178,1178,"{5473, 5474, 5475, 5476, 5477}",sbc019,67,BRETT,1217.10,1217.85,9051935
1179,1179,"{5478, 5479, 5480, 5481, 5482, 5483, 5484, 5485, 5486}",sbc019,66,MELISSA,1217.85,1220.65,2915709
1180,1180,"{5487, 5488, 5489, 5490, 5491}",sbc019,67,BRETT,1219.88,1220.71,9051935
1181,1181,"{5492, 5493, 5494, 5495, 5496, 5497, 5498, 5499, 5500, 5501}",sbc019,66,MELISSA,1220.71,1222.09,2915709
1182,1182,"{5502, 5503, 5504, 5505, 5506}",sbc019,67,BRETT,1221.02,1222.14,9051935
1183,1183,"{5507, 5508, 5509}",sbc019,66,MELISSA,1222.15,1222.50,2915709
1184,1184,"{5510, 5511, 5512, 5513}",sbc019,66,MELISSA,1222.48,1222.94,2915709
1185,1185,"{5514, 5515, 5516, 5517, 5518, 5519, 5520}",sbc019,66,MELISSA,1222.94,1224.65,2915709
1186,1186,"{5521, 5522, 5523, 5524, 5525, 5526, 5527}",sbc019,66,MELISSA,1224.65,1225.69,2915709
1187,1187,"{5528, 5529, 5530, 5531, 5532, 5533, 5534}",sbc019,66,MELISSA,1225.69,1226.70,2915709
1188,1188,"{5535, 5536, 5537, 5538, 5539, 5540}",sbc019,66,MELISSA,1226.58,1228.37,2915709
1189,1189,"{5541, 5542, 5543, 5544, 5545, 5546, 5547}",sbc019,66,MELISSA,1228.37,1229.83,2915709
1190,1190,"{5548, 5549, 5550}",sbc019,66,MELISSA,1229.83,1231.55,2915709
1191,1191,"{5551, 5552, 5553, 5554, 5555, 5556, 5557, 5558, 5559, 5560, 5561}",sbc019,66,MELISSA,1231.55,1233.39,2915709
1192,1192,"{5562, 5563, 5564, 5565}",sbc019,66,MELISSA,1233.39,1234.08,2915709
1193,1193,"{5566, 5567, 5568, 5569}",sbc019,66,MELISSA,1234.08,1235.19,2915709
1194,1194,"{5570, 5571, 5572, 5573, 5574, 5575}",sbc019,66,MELISSA,1235.19,1236.34,2915709
1195,1195,"{5576, 5577, 5578, 5579, 5580, 5581, 5582, 5583, 5584, 5585, 5586}",sbc019,66,MELISSA,1236.34,1240.63,2915709
1196,1196,"{5587, 5588, 5589, 5590, 5591, 5592, 5593, 5594, 5595, 5596, 5597}",sbc019,66,MELISSA,1240.63,1242.86,2915709
1197,1197,"{5598, 5599, 5600, 5601}",sbc019,66,MELISSA,1242.82,1243.52,2915709
1198,1198,"{5602, 5603, 5604, 5605, 5606, 5607, 5608, 5609}",sbc019,66,MELISSA,1243.51,1245.22,2915709
1199,1199,"{5610, 5611, 5612, 5613, 5614, 5615}",sbc019,66,MELISSA,1245.22,1247.04,2915709
1200,1200,"{5616, 5617, 5618, 5619, 5620, 5621}",sbc019,66,MELISSA,1247.04,1249.03,2915709
1201,1201,"{5622, 5623}",sbc019,66,MELISSA,1249.03,1250.19,2915709
1202,1202,"{5624, 5625, 5626, 5627, 5628, 5629, 5630, 5631, 5632, 5633}",sbc019,66,MELISSA,1250.19,1252.17,2915709
1203,1203,"{5634, 5635, 5636}",sbc019,66,MELISSA,1252.17,1252.48,2915709
1204,1204,"{5637, 5638, 5639, 5640, 5641, 5642}",sbc019,38,FRANK,1252.48,1254.20,2763444
1205,1205,"{5643, 5644, 5645}",sbc019,66,MELISSA,1253.02,1253.41,2915709
1206,1206,"{5646, 5647, 5648}",sbc019,66,MELISSA,1253.41,1254.07,2915709
1207,1207,"{5649, 5650, 5651, 5652, 5653, 5654, 5655, 5656, 5657, 5658}",sbc019,38,FRANK,1254.07,1255.51,2763444
1208,1208,"{5659, 5660}",sbc019,66,MELISSA,1255.03,1255.32,2915709
1209,1209,"{5661, 5662, 5663, 5664, 5665, 5666, 5667, 5668}",sbc019,66,MELISSA,1255.32,1256.74,2915709
1210,1210,"{5669, 5670, 5671, 5672, 5673, 5674, 5675, 5676, 5677, 5678, 5679, 5680, 5681}",sbc019,65,JAN,1255.50,1259.06,4897866
1211,1211,"{5682}",sbc019,65,JAN,1259.35,1261.53,4897866
1212,1212,"{5683, 5684}",sbc019,67,BRETT,1259.35,1261.53,9051935
1213,1213,"{5685, 5686, 5687, 5688}",sbc019,66,MELISSA,1259.58,1260.19,2915709
1214,1214,"{5689, 5690, 5691, 5692}",sbc019,66,MELISSA,1260.16,1260.96,2915709
1215,1215,"{5693, 5694, 5695, 5696, 5697, 5698, 5699}",sbc019,67,BRETT,1261.42,1262.47,9051935
1216,1216,"{5700, 5701, 5702}",sbc019,38,FRANK,1261.44,1262.28,2763444
1217,1217,"{5703, 5704, 5705, 5706, 5707, 5708}",sbc019,38,FRANK,1262.28,1263.37,2763444
1218,1218,"{5709, 5710, 5711}",sbc019,38,FRANK,1263.37,1263.67,2763444
1219,1219,"{5712, 5713, 5714, 5715}",sbc019,66,MELISSA,1263.67,1265.76,2915709
1220,1220,"{5716, 5717}",sbc019,38,FRANK,1263.67,1264.09,2763444
1221,1221,"{5718, 5719, 5720, 5721, 5722, 5723}",sbc019,38,FRANK,1263.94,1265.34,2763444
1222,1222,"{5724, 5725}",sbc019,38,FRANK,1265.34,1265.73,2763444
1223,1223,"{5726, 5727, 5728}",sbc019,38,FRANK,1265.73,1266.11,2763444
1224,1224,"{5729, 5730, 5731}",sbc019,38,FRANK,1266.11,1266.66,2763444
1225,1225,"{5732, 5733, 5734, 5735, 5736}",sbc019,38,FRANK,1266.66,1267.22,2763444
1226,1226,"{5737, 5738, 5739, 5740}",sbc019,38,FRANK,1267.22,1267.96,2763444
1227,1227,"{5741, 5742, 5743, 5744}",sbc019,38,FRANK,1267.96,1268.63,2763444
1228,1228,"{5745, 5746}",sbc019,38,FRANK,1268.63,1268.83,2763444
1229,1229,"{5747, 5748, 5749, 5750, 5751}",sbc019,38,FRANK,1268.83,1269.95,2763444
1230,1230,"{5752, 5753}",sbc019,67,BRETT,1269.95,1270.35,9051935
1231,1231,"{5754, 5755}",sbc019,38,FRANK,1270.35,1272.16,2763444
1232,1232,"{5756, 5757, 5758, 5759}",sbc019,67,BRETT,1272.15,1273.22,9051935
1233,1233,"{5760, 5761}",sbc019,38,FRANK,1272.90,1273.51,2763444
1234,1234,"{5762, 5763, 5764, 5765, 5766}",sbc019,66,MELISSA,1273.51,1274.23,2915709
1235,1235,"{5767, 5768, 5769, 5770, 5771}",sbc019,66,MELISSA,1274.23,1275.42,2915709
1236,1236,"{5772, 5773, 5774, 5775, 5776, 5777, 5778, 5779, 5780}",sbc019,38,FRANK,1275.42,1278.86,2763444
1237,1237,"{5781, 5782, 5783, 5784, 5785, 5786}",sbc019,38,FRANK,1278.86,1280.43,2763444
1238,1238,"{5787, 5788, 5789, 5790}",sbc019,67,BRETT,1280.43,1281.32,9051935
1239,1239,"{5791, 5792, 5793, 5794, 5795, 5796, 5797, 5798, 5799}",sbc019,67,BRETT,1281.32,1283.17,9051935
1240,1240,"{5800, 5801, 5802, 5803, 5804}",sbc019,38,FRANK,1283.17,1284.28,2763444
1241,1241,"{5805, 5806, 5807, 5808, 5809}",sbc019,38,FRANK,1284.28,1284.90,2763444
1242,1242,"{5810, 5811, 5812}",sbc019,66,MELISSA,1284.67,1285.38,2915709
1243,1243,"{5813}",sbc019,38,FRANK,1285.34,1285.85,2763444
1244,1244,"{5814, 5815, 5816, 5817, 5818}",sbc019,67,BRETT,1285.85,1287.03,9051935
1245,1245,"{5819}",sbc019,66,MELISSA,1286.31,1286.94,2915709
1246,1246,"{5820, 5821, 5822, 5823}",sbc019,67,BRETT,1286.94,1287.88,9051935
1247,1247,"{5824, 5825, 5826, 5827, 5828, 5829, 5830, 5831}",sbc019,67,BRETT,1287.88,1289.12,9051935
1248,1248,"{5832, 5833, 5834, 5835, 5836, 5837}",sbc019,67,BRETT,1289.12,1290.57,9051935
1249,1249,"{5838, 5839, 5840, 5841, 5842, 5843, 5844, 5845, 5846}",sbc019,38,FRANK,1290.57,1293.35,2763444
1250,1250,"{5847}",sbc019,66,MELISSA,1291.99,1292.64,2915709
1251,1251,"{5848, 5849, 5850}",sbc019,63,RON,1292.72,1293.18,7829301
1252,1252,"{5851}",sbc019,38,FRANK,1293.09,1293.71,2763444
1253,1253,"{5852, 5853, 5854, 5855, 5856, 5857}",sbc019,63,RON,1293.21,1294.13,7829301
1254,1254,"{5858, 5859, 5860}",sbc019,38,FRANK,1293.55,1294.43,2763444
1255,1255,"{5861, 5862, 5863}",sbc019,38,FRANK,1294.43,1295.90,2763444
1256,1256,"{5864}",sbc019,67,BRETT,1295.76,1297.39,9051935
1257,1257,"{5865}",sbc019,66,MELISSA,1295.90,1296.71,2915709
1258,1258,"{5866, 5867, 5868}",sbc019,63,RON,1297.39,1298.55,7829301
1259,1259,"{5869, 5870, 5871, 5872, 5873, 5874, 5875, 5876, 5877, 5878}",sbc019,38,FRANK,1298.54,1301.33,2763444
1260,1260,"{5879, 5880}",sbc019,38,FRANK,1301.33,1301.53,2763444
1261,1261,"{5881, 5882, 5883, 5884, 5885, 5886, 5887, 5888}",sbc019,63,RON,1301.53,1303.14,7829301
1262,1262,"{5889, 5890, 5891}",sbc019,38,FRANK,1301.53,1302.16,2763444
1263,1263,"{5892, 5893}",sbc019,63,RON,1303.14,1303.68,7829301
1264,1264,"{5894, 5895, 5896, 5897, 5898, 5899, 5900, 5901}",sbc019,38,FRANK,1303.68,1304.68,2763444
1265,1265,"{5902, 5903, 5904, 5905, 5906}",sbc019,38,FRANK,1304.68,1305.41,2763444
1266,1266,"{5907, 5908, 5909, 5910, 5911, 5912, 5913}",sbc019,38,FRANK,1305.41,1307.45,2763444